PaschaOffset,Date,Category,Type,English,Greek
,2025-01-01,Immovable,Feast,Circumcision of Our Lord Jesus Christ,Ἡ Περιτομὴ τοῦ Κυρίου ἡμῶν Ἰησοῦ Χριστοῦ
,2025-01-01,Immovable,Saint,Basil the Great,Βασιλείου τοῦ Μεγάλου
,2025-01-01,Immovable,Saint,"Gregory, bishop of Nazianzus",Γρηγορίου ἐπισκόπου Ναζιανζοῦ
,2025-01-01,Immovable,Note,New Year’s Day,Πρωτοχρονιά
,2025-01-02,Immovable,Saint,"Sylvester, pope of Rome","Σιλβέστρου, πάπα Ρώμης"
,2025-01-02,Immovable,Saint,Seraphim of Sarov,Σεραφείμ τοῦ Σαρὼφ
,,,,,
,2025-01-03,Immovable,Saint,Prophet Malachi,Μαλαχίου προφήτου
,2025-01-04,Immovable,Saint,Martyr Gordios,Γορδίου μάρτυρος
,2025-01-05,Immovable,Saint,Martyr Thomais,Θωμαΐδος μάρτυρος
,2025-01-06,,,,
,2025-01-07,DRS,Feast,Sunday before Theophany,Πρὸ τῶν Φώτων
,2025-01-08,Immovable,Saint,Synaxis of the 70 Apostles,Ἡ σύναξις τῶν 70 ἀποστόλων
,2025-01-09,Immovable,Saint,Ven. Theoctistos,Θεοκτίστου ὁσίου
,2025-01-10,Immovable,Saint,Ven. Nikiphoros the Leper,Νικηφόρου ὁσίου τοῦ Λεπροῦ
,2025-01-11,,,,
,2025-01-12,Immovable,Saint,Martyrs Theopemptos & Theonas,Θεοπέμπτου & Θεωνᾶ μαρτύρων
,2025-01-13,Immovable,Saint,Ven. Synclitiki,Συγκλητικῆς ὁσίας
,2025-01-14,Special,Note,Royal Hours,Μεγάλαι Ὧραι
,2025-01-15,Special,Note,Liturgy of St. Basil,Λειτουργία Μεγ. Βασιλείου
,2025-01-16,,,,
,2025-01-17,Immovable,Saint,Theophany - The Baptism of Our Lord Jesus Christ,Τὰ Ἅγια Θεοφάνεια - Ἡ Βάπτισις τοῦ Κυρίου ἡμῶν Ἰησοῦ Χριστοῦ
,2025-01-18,Immovable,Note,Blessing of Waters,Ἁγιασμὸς τῶν Ὑδάτων
,2025-01-19,,,,
,2025-01-20,Immovable,Saint,Synaxis of the Forerunner John the Baptist,Ἡ σύναξις τοῦ Προδρόμου & Βαπτιστοῦ Ἰωάννου
,2025-01-21,Immovable,Saint,New Hierom. Romanos,Ρωμανοῦ νεομάρτυρος
,2025-01-22,,,,
,2025-01-23,Immovable,Saint,George the Chozebite,Γεωργίου τοῦ Χοζεβίτου
,2025-01-24,Immovable,Saint,Domnica of Constantinople,Δομνίκης ΚΠόλεως
,2025-01-25,Immovable,Saint,Ven. Agathon,Ἀγάθωνος ὁσίου
,2025-01-26,,,,
,2025-01-27,Immovable,Saint,Martyr Polyeuctos,Πολυεύκτου μάρτυρος
,2025-01-28,Immovable,Saint,Metropolitan Philip of Moscow,"Φιλίππου, μητροπολίτου Μόσχας"
,2025-01-29,,,,
,2025-01-30,Immovable,Saint,Gregory of Nyssa,Γρηγορίου Νύσσης
,2025-01-31,Immovable,Saint,"Dometian, bishop of Melitene","Δομετιανοῦ, ἐπ. Μελιτινῆς"
,,,,,
,,DRS,Feast,Sunday after Theophany,Μετὰ τὰ Φῶτα
,,Immovable,Saint,Theodosios the Cenobiarch,Θεοδοσίου τοῦ Κοινοβιάρχου
,,Immovable,Saint,Theodosios of Philotheou Monastery,Θεοδοσίου τῆς Ἱ.Μ. Φιλοθέου
,,,,,
,,Immovable,Saint,Martyr Tatiana of Rome,Τατιανῆς μάρτυρος τῆς Ρωμαίας
,,Immovable,Saint,Theodora of Alexandria,Θεοδώρας Ἀλεξανδρείας
,,,,,
,,Immovable,Saint,Martyrs Hermylos & Stratonicos,Ἑρμύλου & Στρατονίκου τῶν μαρτύρων
,,Immovable,Saint,Maximos the Hut-Burner,Μαξίμου τοῦ Καυσοκαλύβου
,,,,,
,,Immovable,Saint,Holy Fathers slain at Sinai and Raitho,Τῶν ἐν Σινᾷ καί Ραϊθῷ ἀναιρεθέντων ὁσίων πατέρων
,,Immovable,Saint,Nina Equal-to-the-Apostles,Νίνας τῆς ἰσαποστόλου
,,Immovable,Saint,"Sabba, archbishop of Serbia","Σάββα, ἀρχιεπισκόπου Σερβίας"
,,,,,
,,Immovable,Saint,Paul of Thebes,Παύλου τοῦ Θηβαίου
,,Immovable,Saint,John the Hut-Dweller,Ἰωάννου τοῦ Καλυβίτου
,,,,,
,,Immovable,Saint,Veneration of the Precious Chains of the Apostle Peter,Προσκύνησις Τιμίας Ἁλύσεως τοῦ ἀποστόλου Πέτρου
,,,,,
,,Immovable,Saint,Anthony the Great,Ἀντωνίου τοῦ Μεγάλου
,,Immovable,Saint,New-martyr George of Ioannina,Γεωργίου νεομάρτυρος τοῦ ἐν Ἰωαννίνοις
,,,,,
,,Movable,Feast,12th Sunday of Luke,ΙΒ΄ Λουκᾶ
,,Immovable,Saint,Patriarchs Athanasios & Cyril of Alexandria,"Ἀθανασίου & Κυρίλλου, Πατρ. Ἀλεξανδρείας"
,,Immovable,Saint,Martyr Theodula,Θεοδούλης μάρτυρος
,,,,,
,,Immovable,Saint,Macarios the Great of Egypt,Μακαρίου Μεγάλου τοῦ Αἰγυπτίου
,,Immovable,Saint,Mark of Ephesus,Μάρκου Ἐφέσου τοῦ Εὐγενικοῦ
,,Immovable,Saint,Macarios of Alexandria,Μακαρίου Ἀλεξανδρείας
,,,,,
,,Immovable,Saint,Euthymios the Great,Εὐθυμίου τοῦ Μεγάλου
,,Immovable,Saint,Leo the Emperor,Λέοντος τοῦ Βασιλέως
,,,,,
,,Immovable,Saint,Maximos the Confessor,Μαξίμου τοῦ ὁμολογητοῦ
,,Immovable,Saint,Martyrs Neophytos & Agne,Νεοφύτου & Ἁγνῆς μαρτύρων
,,Immovable,Saint,Maximos the Greek,Μαξίμου τοῦ Γραικοῦ
,,,,,
,,Immovable,Saint,Ap. Timothy of the 70,Τιμοθέου ἀποστόλου ἐκ τῶν 70
,,Immovable,Saint,Monk-martyr Anastasios the Persian,Ἀναστασίου ὁσιομάρτυρος τοῦ Πέρσου
,,,,,
,,Immovable,Saint,"Clement, bishop of Ancyra",Κλήμεντος ἐπισκ. Ἀγκύρας
,,Immovable,Saint,Dionysios of Olympus,Διονυσίου τοῦ ἐν Ὀλύμπῳ
,,Immovable,Saint,Martyr Agathangelos,Ἀγαθαγγέλου μάρτυρος
,,,,,
,,Immovable,Saint,Xenia of Rome,Ξένης τῆς Ρωμαίας
,,Immovable,Saint,Hieromartyr Babylas,Βαβύλα ἱερομάρτυρος
,,Immovable,Saint,"Xenia, fool-for-Christ of St. Petersburg",Ξένης τῆς διά Χριστὸν σαλῆς ἐκ τῆς  Ἁγ. Πετρουπόλεως
,,Immovable,Saint,Ven. Fathers of Philotheou,Ὅσ. Πατέρων Ι.Μ. Φιλοθέου
,,,,,
,,Movable,Feast,15th Sunday of Luke,ΙΕ΄ Λουκᾶ
,,Immovable,Saint,Gregory the Theologian,Γρηγορίου τοῦ Θεολόγου
,,Immovable,Saint,Ven. Publius,Πουπλίου ὁσίου
,,,,,
,,Immovable,Saint,"Xenophon, Mary, John & Arcadios","Ξενοφῶντος, Μαρίας, Ἰωάννου & Ἀρκαδίου"
,,Immovable,Saint,Ven. Ammon of Egypt,Ἀμμωνᾶ ὁσίου τοῦ Αἰγυπτίου
,,,,,
,,Immovable,Saint,Translation of the relics of  St. John Chrysostom,Ἀνακομιδὴ τῶν λειψάνων ἁγίου Ἰωάννου τοῦ Χρυσοστόμου
,,Immovable,Saint,Ven. Peter of Egypt,Πέτρου ὁσίου τοῦ Αἰγυπτίου
,,,,,
,,Immovable,Saint,Ephraim the Syrian,Ἐφραίμ τοῦ Σύρου
,,Immovable,Saint,Isaac the Syrian,Ἰσαάκ τοῦ Σύρου
,,Immovable,Saint,Ven. Palladios,Παλλαδίου ὁσίου
,,,,,
,,Immovable,Saint,Translation of the relics of Ignatios the Godbearer,Ἀνακομιδὴ τῶν λειψάνων ἁγίου Ἰγνατίου τοῦ Θεοφόρου
,,Immovable,Saint,Ven. Andrew Rublev,"Ἀνδρέου Ρουμπλιώφ, ὁσίου"
,,,,,
,,Immovable,Saint,Three Hierarchs,Τῶν Τριῶν Ἱεραρχῶν
,,Immovable,Saint,Martyr Chrysi,Χρυσῆς μάρτυρος
,,,,,
,,Immovable,Saint,Unmercenaries Cyros & John,Κύρου & Ἰωάννου τῶν Ἀναργύρων
,,Immovable,Saint,Arsenios of Paros,Ἀρσενίου τοῦ ἐν Πάρῳ
,,,,,
,2025-02-01,Movable,,Sunday of Publican & Pharisee (Triodion Begins),Τελώνου & Φαρισαίου (Ἀρχὴ Τριωδίου)
,2025-02-02,,,Martyr Tryphon,Τρύφωνος μάρτυρος
,2025-02-03,,,Martyr Perpetua,Περπετούας μάρτυρος
,2025-02-04,,,,
,2025-02-05,,,Meeting of Our Lord Jesus Christ,Ἡ Ὑπαπαντὴ τοῦ Κυρίου ἡμῶν Ἰησοῦ Χριστοῦ
,2025-02-06,,,Martyr Agathodoros,Ἀγαθοδώρου μάρτυρος
,2025-02-07,,,,
,2025-02-08,,,Symeon the Godreceiver,Συμεών τοῦ Θεοδόχου
,2025-02-09,,,Anna the Prophetess,Ἄννης τῆς προφήτιδος
,2025-02-10,,,"Nicholas, enlightener of Japan","Νικολάου, φωτιστοῦ Ἰαπωνίας"
,2025-02-11,,,,
,2025-02-12,,,Ven. Isidore of Pelusium,Ἰσιδώρου ὁσ. τοῦ Πηλουσιώτου
,2025-02-13,,,Hieromartyr Abramios,Ἀβραμίου ἱερομάρτυρος
,2025-02-14,,,Nicholas the confessor of the Studion Monastery,Νικολάου ὁμολογητοῦ τοῦ Στουδίτου
,2025-02-15,,,,
,2025-02-16,,,Martyr Agatha,Ἀγάθης μάρτυρος
,2025-02-17,,,Ven. Theodosios of Skopelos,Θεοδοσίου ὁσίου τοῦ ἐν Σκοπέλῳ
,2025-02-18,,,,
,2025-02-19,,,"Photios, patriarch of Constantinople","Φωτίου, Πατριάρχου ΚΠόλεως"
,2025-02-20,,,Ven. Barsanouphios & John of Gaza,Βαρσανουφίου & Ἰωάννου τῶν ἐν Γάζῃ ὁσίων
,2025-02-21,,,,
,2025-02-22,,,"Parthenios, bishop of Lampsacos","Παρθενίου, ἐπισκ. Λαμψάκου"
,2025-02-23,,,"1,003 Martyrs of Nicomedia",Τῶν ἐν Νικομηδείᾳ 1.003 μαρτύρων
,2025-02-24,,,,
,2025-02-25,Movable,,Sunday of the Prodigal Son,Τοῦ Ἀσώτου
,2025-02-26,,,Great-martyr Theodore the General,"Θεοδώρου τοῦ Στρατηλάτου, τοῦ μεγαλομάρτυρος"
,2025-02-27,,,Prophet Zachariah,Ζαχαρίου τοῦ προφήτου
,2025-02-28,,,,
,,,,Martyr Nikiphoros,Νικηφόρου μάρτυρος
,,,,"Pancratios, bishop of Taormina","Παγκρατίου, ἐπισκόπου Ταυρομενίας"
,,,,,
,,,,Hierom. Charalampos,Χαραλάμπους ἱερομάρτυρος
,,,,Ven. Scholastika,Σχολαστικῆς ὁσίας
,,,,,
,,,,Hieromartyr Blaise of Sebaste,"Βλασίου ἱερομάρτυρος, τοῦ ἐκ Σεβαστείας"
,,,,Empress Theodora,Θεοδώρας τῆς Αὐγούστης
,,,,,
,,,,"Meletios, archbishop of Antioch","Μελετίου, ἀρχιεπισκόπου Ἀντιοχείας"
,,,,New-martyr Christos the Gardener,"Χρήστου νεομάρτυρος, τοῦ κηπουροῦ"
,,,,,
,,,,Ven. Martinian,Μαρτινιανοῦ ὁσίου
,,,,Apost. Aquila & Priscilla,Ἀκύλα & Πρισκίλλης τῶν ἀπ.
,,,,Ven. Symeon the Myrrh-gusher,Συμεών τοῦ μυροβλύτου
,,,,,
,,Movable,,Soul Saturday,Ψυχοσάββατον
,,,,Ven. Auxentios,Αὐξεντίου ὁσίου
,,,,Ven. Maron,Μάρωνος ὁσίου
,,,,Monk-martyr Damianos of Philotheou Monastery,"Δαμιανοῦ ὁσιομάρτυρος, τοῦ Φιλοθεΐτου"
,,,,,
,,Movable,,Meat-fare (Judgment) Sunday,Τῆς Ἀπόκρεω
,,,,Ap. Onisimos of the 70,Ὀνησίμου ἀποστόλου ἐκ τῶν 70
,,,,Anthimos of Chios,Ἀνθίμου τοῦ ἐν Χίῳ
,,,,Ven. Evsevios,Εὐσεβίου ὁσίου
,,,,,
,,,,Martyr Pamphilos & 11 companions,Παμφίλου & τῶν σὺν αὐτῷ 11 μαρτύρων
,,,,"Flavian, patriarch of Constantinople","Φλαβιανοῦ, Πατρ. ΚΠόλεως"
,,,,,
,,,,Great-martyr Theodore the Recruit (Tyro),Θεοδώρου Τήρωνος τοῦ μεγαλομάρτυρος
,,,,,
,,,,"Leo, pope of Rome","Λέοντος, πάπα Ρώμης"
,,,,"Agapitos, bishop of Synnada","Ἀγαπητοῦ, ἐπισκόπου Σινάου"
,,Movable,,No Liturgy,Ἄνευ Λειτουργίας
,,,,,
,,,,Apostle Archippos of the 70,Ἀρχίππου ἀποστόλου ἐκ τῶν 70
,,,,Martyr Philothea of Athens,Φιλοθέης μάρτυρος τῆς Ἀθηναίας
,,,,,
,,,,"Agathon, pope of Rome","Ἀγάθωνος, πάπα Ρώμης"
,,,,"Leo, bishop of Catania","Λέοντος, ἐπισκόπου Κατάνης"
,,,,Ven. Bessarion,Βησσαρίωνος ὁσίου
,,Movable,,No Liturgy,Ἄνευ Λειτουργίας
,,,,,
,,Movable,,Holy Fathers shone forth in ascetic life,Τῶν ἐν ἀσκήσει διαλαμψάντων ὁσίων
,,,,Timothy of Symbola,Τιμοθέου τοῦ ἐν Συμβόλοις
,,,,"Eustathios, bishop of Antioch","Εὐσταθίου, ἐπ. Ἀντιοχείας"
,,,,,
,,Movable,,Cheese-fare (Forgiveness) Sunday,Τῆς Τυρινῆς
,,,,Finding of the relics of Martyrs in Eugenios,Εὕρεσις λειψάνων τῶν ἐν τοῖς Εὺγενίου μαρτύρων
,,,,,
,,Movable,,Beginning of Lent,Ἀρχὴ νηστείας
,,Movable,,Clean Monday,Καθαρὰ Δευτέρα
,,,,"Polycarp, bishop of Smyrna","Πολυκάρπου, ἐπισκ. Σμύρνης"
,,,,Ven. Gorgonia,Γοργονίας ὁσίας
,,,,,
,,,,1st & 2nd findings of the Precious Head of St. John the Baptist,Α΄ & Β΄ εὕρεσις τιμίας κεφαλῆς Ἰωάννου τοῦ Προδρόμου
,,,,,
,,,,"Tarasios, patriarch of Constantinople","Ταρασίου, Πατρ. ΚΠόλεως"
,,,,,
,,,,"Porphyrios, bishop of Gaza","Πορφυρίου, ἐπ. Γάζης"
,,,,"Photini, the Samaritan Woman",Φωτεινῆς τῆς Σαμαρείτιδος
,,,,,
,,,,"Procopios, confessor of Decapolis","Προκοπίου ὁμολ., τοῦ Δεκαπολίτου"
,,,,Martyr Gelasios the Actor,"Γελασίου μάρτυρος, τοῦ μίμου"
,,,,Ven. Ephraim of Katounakia,Ἐφραίμ ὁσ. τοῦ Κατουνακιώτου
,,Movable,,1st Salutations,Α΄ Χαιρετισμοί
,,,,,
,,Movable,,The miracle of kollyva by St. Theodore the Recruit (Tyro),Τοῦ διὰ κολλύβων θαύματος ἁγ. Θεοδώρου τοῦ Τήρωνος
,,,,John Cassian the Roman,Ἰωάννου Κασσιανοῦ τοῦ Ρωμαίου
,,,,Basil the Confessor,Βασιλείου τοῦ ὁμολογητοῦ
,,,,,
March,2025-03-01,Movable,,1st Sunday of Lent – of Orthodoxy,Α΄ Νηστειῶν – Τῆς Ὀρθοδοξίας
,2025-03-02,,,Martyr Eudokia,Εὐδοκίας ὁσιομάρτυρος
,2025-03-03,,,David of Wales,Δαβίδ Οὐαλίας
,2025-03-04,,,,
,2025-03-05,,,Martyr Hesychios,Ἡσυχίου μάρτυρος
,2025-03-06,,,Martyr Euthalia,Εὐθαλίας μάρτυρος
,2025-03-07,,,Nicholas Planas,Νικολάου τοῦ Πλανᾶ
,2025-03-08,,,,
,2025-03-09,,,"Martyrs Eutropios, Cleonicos & Basiliscos","Εὐτροπίου, Κλεονίκου & Βασιλίσκου τῶν μαρτύρων"
,2025-03-10,,,,
,2025-03-11,,,Gerasimos of the Jordan,Γερασίμου τοῦ Ἰορδανίτου
,2025-03-12,,,,
,2025-03-13,,,Martyr Conon,Κόνωνος μάρτυρος
,2025-03-14,,,Mark the Ascetic,Μάρκου τοῦ ἀσκητοῦ
,2025-03-15,,,New-martyr George of Rapsani,Γεωργίου νεομάρτ. τοῦ ἐν Ραψάνῃ
,2025-03-16,,,,
,2025-03-17,,,42 Martyrs of Amorion,Τῶν ἐν Ἀμορίῳ 42 μαρτύρων
,2025-03-18,,,Uncovering of Precious Cross and Nails,Ἀνάμνησις εὑρέσεως τοῦ Τιμίου Σταυροῦ καὶ τῶν Ἥλων
,2025-03-19,Movable,,2nd Salutations,Β΄ Χαιρετισμοί
,2025-03-20,,,,
,2025-03-21,Movable,,Soul Saturday,Ψυχοσάββατον
,2025-03-22,,,"Hieromartyrs Basil, Ephraim & Eugene","Βασιλείου, Ἐφραίμ & Εὐγενίου ἱερομαρτύρων"
,2025-03-23,,,,
,2025-03-24,Movable,,2nd Sunday of Lent – of St. Gregory Palamas,Β΄ Νηστειῶν – Ἁγ. Γρηγορίου τοῦ Παλαμᾶ
,2025-03-25,,,Apostle Hermas of the 70,Ἑρμοῦ ἀπ. ἐκ τῶν 70
,2025-03-26,Special,,Daylight Savings Time begins. Turn clocks forward 1 hour,
,2025-03-27,,,,
,2025-03-28,,,40 Martyrs of Sebaste,Τῶν ἐν Σεβαστείᾳ 40 μαρτύρων
,2025-03-29,,,,
,2025-03-30,,,Martyr Codratos,Κοδράτου μάρτυρος
,2025-03-31,,,Anastasia the Patrician,Ἀναστασίας τῆς πατρικίας
,,,,,
,,,,"Sophronios, patr. of Jerusalem","Σωφρονίου, Πατριάρχου Ἱεροσολύμων"
,,,,,
,,,,Gregory the Dialogist,"Γρηγορίου τοῦ Διαλόγου, ἐπ. Ρώμης"
,,,,Symeon the New Theologian,Συμεών τοῦ νέου Θεολόγου
,,,,,
,,,,"Trans. of relics of St. Nikiphoros, patriarch of Constantinople","Ἀνακομιδὴ λειψάνων ἁγ. Νικηφόρου, Πατριάρχου ΚΠόλεως"
,,,,3rd Salutations,Γ΄ Χαιρετισμοί
,,,,,
,,Movable,,Soul Saturday,Ψυχοσάββατον
,,,,Ven. Benedict of Nursia,Βενεδίκτου ὁσίου ἐν Νουρσίᾳ
,,,,Ven. Euschemon of Lampsacos,Εὺσχημόνου ὁσίου Λαμψάκου
,,,,,
,,Movable,,3rd Sunday of Lent – Veneration of the Holy Cross,Γ΄ Νηστειῶν – Τῆς Σταυροπροσκυνήσεως
,,,,Martyr Agapios & his comp.,Ἀγαπίου & τῶν σὺν αὐτῷ μαρτ.
,,,,Apostle Aristobulos of the 70,Ὰριστοβούλου ἀπ. ἐκ τῶν 70
,,,,,
,,,,"Martyrs Sabinos, Julian","Σαβίνου, Ἰουλιανοῦ μαρτύρων"
,,,,Christodoulos of Patmos,Χριστοδούλου τοῦ ἐν Πάτμῳ
,,,,,
,,,,Alexis the Man of God,Ἀλεξίου ἀνθρώπου τοῦ Θεοῦ
,,,,"Patrick, enlightener of Ireland","Πατρικίου, φωτιστοῦ Ἰρλανδίας"
,,,,,
,,,,"Cyril, archbishop of Jerusalem","Κυρίλλου, ἀρχιεπισκόπου Ἱεροσολύμων"
,,,,Martys Trophimos & Eucarpos,Τροφίμου & Εὐκαρπίωνος τῶν μαρτύρων
,,,,,
,,,,Martyrs Chrysanthos & Daria,Χρυσάνθου & Δαρείας τῶν μαρτύρων
,,,,,
,,,,Holy Fathers slain at St. Sabbas’ Monastery,Τῶν ἐν τῇ Μονῇ τοῦ ἁγ. Σάββα ἀναιρεθέντων ὁσίων πατέρων
,,Movable,,4th Salutations,Δ΄ Χαιρετισμοί
,,,,,
,,Movable,,Soul Saturday,Ψυχοσάββατον
,,,,James the Confessor,Ἰακώβου τοῦ ὁμολογητοῦ
,,,,Ven. Seraphim of Viritsa,Σεραφείμ ὁσ. τῆς Βίριτσα
,,,,,
,,Movable,,4th Sunday of Lent – of St. John of the Ladder,Δ΄ Νηστειῶν – Ἁγ. Ἰωάννου τῆς Κλίμακος
,,,,Hieromartyr Basil of Ancyra,"Βασιλείου, ἱερομάρ. Ἄγκυρας"
,,,,Martyr Drosis,Δροσίδος μάρτυρος
,,,,,
,,,,Martyr Nikon & his 199 disciples,Νίκωνος ὁσιομάρτυρος & τῶν 199 μαθητῶν αὐτοῦ
,,,,,
,,,,Artemon of Seleucia,"Ἀρτέμονος, ἐπ. Σελευκείας"
,,,,Zacharias the Recluse,Ζαχαρίου τοῦ ἐγκλείστου
,,,,,
,,,,Annunciation of the Theotokos,Ὁ Εὐαγγελισμὸς τῆς Θεοτόκου
,,,,,
,,,,Synaxis of Archangel Gabriel,Ἡ σύναξις τοῦ Ἀρχαγγέλου Γαβριήλ
,,Movable,,Great Canon,Ὁ Μέγας Κανών
,,,,,
,,,,Martyr Matrona of Thessalonica,"Ματρώνης μάρτυρος, τῆς ἐν Θεσσαλονίκῃ"
,,,,,
,,Movable,,Akathist Hymn,Τοῦ Ἀκαθίστου Ὕμνου
,,,,Ven. Hilarion the New,Ἱλαρίωνος ὁσίου τοῦ νέου
,,,,Apostle Herodion,Ἡρωδίωνος ἀποστ. ἐκ τῶν 70
,,,,,
,,Movable,,5th Sunday of Lent–of St. Mary of Egypt,Ε΄ Νηστειῶν–Μαρίας τῆς Αἰγυπτίας
,,,,Hieromartyr Mark of Arethusa,"Μάρκου, ἱερομάρτ. Ἀρεθουσῶν"
,,,,Diadochos of Photiki,Διαδόχου Φωτικῆς
,,,,,
,,,,Ven. John of the Ladder,Ἰωάννου ὁσίου τῆς Κλίμακος
,,,,,
,,,,"Hypatios, bishop of Gangra","Ὑπατίου, ἐπισκόπου Γαγγρῶν"
,,,,Metropolitan Innocent of Moscow,"Ἰννοκεντίου, μητρ. Μόσχας"
,,,,,
April,2025-04-01,,,Mary of Egypt,Μαρίας ὁσίας τῆς Αἰγυπτίας
,2025-04-02,,,Barsanouphios of Optina,Βαρσανουφίου τῆς Ὄπτινα
,2025-04-03,,,,
,2025-04-04,,,Ven. Titus the Wonder-worker,Τίτου ὁσίου τοῦ θαυματουργοῦ
,2025-04-05,,,Virgin-martyr Theodora,Θεοδώρας παρθενομάρτυρος
,2025-04-06,,,,
,2025-04-07,,,Nikitas the Confessor,Νικήτα τοῦ ὁμολογητοῦ
,2025-04-08,,,Joseph the Hymnographer,Ἰωσήφ τοῦ ὑμνογράφου
,2025-04-09,,,,
,2025-04-10,Movable,,Lazarus Saturday,Τοῦ Λαζάρου
,2025-04-11,,,Ven. George of Maleo,Γεωργίου ὁσίου τοῦ ἐν Μαλεῷ
,2025-04-12,,,Ven. Zosimas,Ζωσιμᾶ ὁσίου
,2025-04-13,,,,
,2025-04-14,Movable,,Palm Sunday,Τῶν Βαΐων
,2025-04-15,,,Martyr Claudios & his companions,Κλαυδίου μάρτ. & τῶν σὺν αὐτῷ
,2025-04-16,,,Ven. Theodora of Thessalonica,"Θεοδώρας, ὁσίας τῆς Θεσσαλονίκης"
,2025-04-17,,,,
,2025-04-18,Movable,,Holy Monday,Μεγάλη Δευτέρα
,2025-04-19,Movable,,Righteous Joseph,Ἰωσὴφ τοῦ Παγκάλου
,2025-04-20,,,"Eutychios, patriarch of Constantinople","Εὐτυχίου, Πατριάρχου ΚΠόλεως"
,2025-04-21,,,Gregory of Sinai,Γρηγορίου τοῦ Σιναΐτου
,2025-04-22,,,,
,2025-04-23,Movable,,Holy Tuesday,Μεγάλη Τρίτη
,2025-04-24,Movable,,Ten Virgins,Τῶν Δέκα Παρθένων
,2025-04-25,,,Martyr Calliopios,Καλλιοπίου μάρτυρος
,2025-04-26,,,Patriarch Tikhon of Moscow,Τύχωνος Πατριάρχου Μόσχας
,2025-04-27,,,,
,2025-04-28,Movable,,Holy Wednesday,Μεγάλη Τετάρτη
,2025-04-29,Movable,,Anointing of the Lord,Τῆς ἀλειψάσης τὸν Κύριον
,2025-04-30,,,"Apostles Herodion, Agabos, Rufos, Asyncritos, Phlegon & Hermes of the 70","Ἡρωδίωνος, Ἀγάβου, Ρούφου, Ἀσυγκρίτου, Φλέγοντος & Ἑρμοῦ ἐκ τῶν 70 ἀπ."
,,,,,
,,Movable,,Holy Thursday,Μεγάλη Πέμπτη
,,Movable,,Mystical Supper,Ὁ Μυστικὸς Δεῖπνος
,,,,Martyr Eupsychios of Caesarea,Εὐψυχίου μάρτυρος
,,,,Martyr Vadim & 7 disciples,Βαδίμου ὁσιομάρτυρος & τῶν σὺν αὐτῷ ἑπτὰ μαθητῶν
,,,,,
,,Movable,,Holy Friday,Μεγάλη Παρασκευή
,,Movable,,Holy Passion,Τὰ Ἅγια Πάθη
,,,,"Martyrs Terence, Pompeios & their companions","Τερεντίου, Πομπηΐου & τῶν σὺν αὐτοῖς μαρτύρων"
,,,,,
,,Movable,,Holy Saturday - Christ’s Descent into Hades,Μέγα Σάββατον - Ἡ εἰς Ἅδου Κάθοδος τοῦ Κυρίου
,,,,Hieromartyr Antipas,Ἀντίπα ἱερομάρτυρος
,,,,Hieromartyr Domninos,Δομνίνου ἱερομάρτυρος
,,,,,
,,Movable,,Holy Pascha,Τὸ Ἅγιον Πάσχα
,,Movable,,The Resurrection of Christ,Ἡ Ἀνάστασις τοῦ Κυρίου
,,,,Basil the Confessor,Βασιλείου τοῦ ὁμολογητοῦ
,,,,Anthousa of Constantinople,Ἀνθούσης ΚΠόλεως
,,,,,
,,Movable,,Bright Week,Διακαινησίμου
,,,,"Martin the Confessor, pope of Rome","Μαρτίνου πάπα Ρώμης, τοῦ ὁμολογητοῦ"
,,,,,
,,,,"Apostles Aristarchos, Pudens & Trophimos of the 70","Ἀριστάρχου, Πούδη & Τροφίμου ἐκ τῶν 70 ἀποστόλων"
,,Movable,,"Martyrs Raphael, Nicholas & Irene of Lesbos","Ραφαήλ, Νικολάου & Εἰρήνης, νεοφανῶν μαρτύρων τῆς Λέσβου"
,,,,,
,,,,Martyr Crescens,Κρήσκεντος μάρτυρος
,,,,"Leonidas, bishop of Athens","Λεωνίδου, ἐπισκόπου Ἀθηνῶν"
,,,,,
,,,,"Martyrs Agape, Irene & Chionia","Ἀγάπης, Εἰρήνης & Χιονίας τῶν μαρτύρων"
,,,,,
,,Movable,,The Life-Giving Spring,Τῆς Ζωοδόχου Πηγῆς
,,,,Hieromartyr Symeon of Persia & his companions,"Συμεὼν ἱερομ., ἐπισκόπου Περσίας & τῶν σὺν αὐτῷ"
,,,,,
,,,,Ven. John the Hesychast,Ἰωάννου τοῦ Ἡσυχαστοῦ
,,,,Martyr Sabbas the Goth,Σάββα στρατηλάτου τοῦ Γότθου
,,,,Ven. Athanasia of Aigina,Ἀθανασίας ὁσίας τῆς Αἰγίνης
,,,,,
,,Movable,,Thomas Sunday,Τοῦ Θωμᾶ
,,,,Hieromartyr Paphnutios,Παφνουτίου ἱερομάρτυρος
,,,,Martyr Theodore and his companios,Θεοδώρου μάρτυρος & τῶν σὺν αὐτῷ
,,,,,
,,,,Theodore Trichinas (of the Hair-shirt),Θεοδώρου τοῦ Τριχινᾶ
,,,,Apostle Zacchaios of the 70,Ζακχαίου ἀπ. ἐκ τῶν 70
,,,,,
,,,,Hieromartyr Januarios,Ἰανουαρίου ἱερομάρτυρος
,,,,Ven. Anastasios of Sinai,Ἀναστασίου ὁσίου τοῦ Σιναΐτου
,,,,Martyr Alexandra the Empress,"Ἀλεξάνδρας μαρτ., Βασιλίσσης"
,,,,,
,,,,Apostle Nathaniel,Ναθαναὴλ τοῦ ἀποστόλου
,,,,Theodore the Sykeot,Θεοδώρου τοῦ Συκεώτου
,,,,,
,,,,Great-martyr George,Γεωργίου μεγαλομάρτυρος
,,,,Martyrs Anatolios & Protoleon,Ἀνατολίου & Πρωτολέοντος τῶν μαρτύρων
,,,,,
,,,,Elizabeth the Wonder-worker,Ἐλισάβετ τῆς θαυματουργοῦ
,,,,"Thomas, fool-for-Christ of Syria",Θωμᾶ τοῦ διὰ Χριστὸν σαλοῦ
,,,,,
,,,,Apostle & Evangelist Mark,Μάρκου τοῦ ἀποστόλου & Εὐαγγελιστοῦ
,,,,"Macedonios, patriarch of Constantinople","Μακεδονίου, Πατρ. ΚΠόλεως"
,,,,,
,,Movable,,Sunday of the Myrrh-bearers,Τῶν Μυροφόρων
,,,,"Hieromartyr Basil, bishop of Amasea","Βασιλέως ἱερομ., ἐπ. Ἀμασείας"
,,,,Glaphyra of Nicomedia,Γλαφύρας τῆς Νικομηδείας
,,,,,
,,,,"Hieromartyr Symeon, bishop of Jerusalem, Kinsman of the Lord","Συμεὼν ἱερομάρτυρος τοῦ ἀδελφοθέου, ἐπ. Ἱεροσολύμων"
,,,,,
,,,,Nine Martyrs of Cyzicos,Τῶν ἐν Κυζίκῳ 9 μαρτύρων
,,,,"Auxibios, bishop of Soli in Cyprus","Αὐξιβίου, ἐπ. Σόλων Κύπρου"
,,,,,
,,,,Apostles Jason and Sosipater of the 70,"Ἰάσωνος & Σωσιπάτρου, ἐκ τῶν 70 ἀποστόλων"
,,,,Metr. Basil of Ostrog,"Βασιλείου, μητροπ. Ὀστρόγκ"
,,,,,
,,,,"Apostle James, brother of St. John the Theologian","Ἰακώβου ἀποστόλου, ἀδελφοῦ Ἰωάννου τοῦ Θεολόγου"
,,,,,
May,2025-05-01,,,Prophet Jeremiah,Ἱερεμίου τοῦ προφήτου
,2025-05-02,,,"Tamara, Queen of Georgia","Ταμάρας, βασιλίσσης Γεωργίας"
,2025-05-03,,,Ven. Isidora,Ἰσιδώρας ὁσίας
,2025-05-04,,,,
,2025-05-05,,,Translation of the relics of Athanasios the Great,Ἀνακομιδὴ τῶν λειψάνων Ἀθανασίου τοῦ Μεγάλου
,2025-05-06,,,Matrona of Moscow,Ματρώνης τῆς Μόσχας
,2025-05-07,,,,
,2025-05-08,Movable,,Sunday of the Paralytic,Τοῦ Παραλύτου
,2025-05-09,,,Martyrs Timothy & Maura,Τιμοθέου & Μαύρας μαρτύρων
,2025-05-10,,,"Peter, bishop of Argos","Πέτρου, ἀρχιεπισκόπου Ἄργους"
,2025-05-11,,,,
,2025-05-12,,,Virgin-martyr Pelagia,Πελαγίας παρθενομάρτυρος
,2025-05-13,,,Ven. Nikiphoros of Medikion,"Νικηφόρου ὁσίου, τοῦ Μηδικίου"
,2025-05-14,,,,
,2025-05-15,,,Great Virgin-martyr Irene,Εἰρήνης μεγαλομάρτυρος
,2025-05-16,,,New Monk-martyr Ephraim of Nea Makri,Ἐφραίμ μεγαλομάρτυρος τοῦ νέου
,2025-05-17,,,,
,2025-05-18,Movable,,Mid-Pentecost,Μεσοπεντηκοστή
,2025-05-19,,,Righteous Job the Much-Suffering,Ἰὼβ τοῦ δικαίου καὶ πολυάθλου
,2025-05-20,,,Ven. Seraphim of Mt. Dombos,Σεραφεὶμ ὁσίου τοῦ ἐν Δομβῷ
,2025-05-21,,,,
,2025-05-22,,,Commemoration of the apparition of the Sign of the Cross over Jerusalem,Ἀνάμνησις τοῦ ἐν τῷ οὐρανῷ τῆς Ἱερουσαλὴμ φανέντος σημείου τοῦ Τιμίου Σταυροῦ
,2025-05-23,,,,
,2025-05-24,,,Evangelist John the Theologian,Ἰωάννου τοῦ Θεολόγου & Εὐαγγελιστοῦ
,2025-05-25,,,Arsenios the Great,Ἀρσενίου τοῦ Μεγάλου
,2025-05-26,,,,
,2025-05-27,,,Prophet Isaiah,Ἡσαΐου τοῦ προφήτου
,2025-05-28,,,Great-martyr Christopher,Χριστοφόρου μεγαλομάρτυρος
,2025-05-29,,,,
,2025-05-30,Movable,,Sunday of the Samaritan Woman,Τῆς Σαμαρείτιδος
,2025-05-31,,,Ap. Simon the Zealot,Σίμωνος ἀποστόλου τοῦ Ζηλωτοῦ
,,,,Ven. Laurence,Λαυρεντίου ὁσίου
,,,,,
,,,,Hieromartyr Mokios,Μωκίου ἱερομάρτυρος
,,,,"Cyril and Methodios, Apostles to the Slavs","Κυρίλλου & Μεθοδίου, φωτιστῶν τῶν Σλάβων"
,,,,,
,,,,"Epiphanios, bishop of Cyprus","Ἐπιφανίου, ἐπισκόπου Κύπρου"
,,,,"Germanos, patriarch of Constantinople","Γερμανοῦ, Πατρ. ΚΠόλεως"
,,,,,
,,,,Virgin-martyr Glykeria,Γλυκερίας παρθενομάρτυρος
,,,,Sergios the Confessor,Σεργίου τοῦ ὁμολογητοῦ
,,,,,
,,,,Hieromartyr Therapon,Θεράποντος ἱερομάρτυρος
,,,,Martyr Isidore of Chios,Ἰσιδώρου μάρτυρος τοῦ ἐν Χίῳ
,,,,,
,,,,Pachomios the Great,Παχωμίου τοῦ Μεγάλου
,,,,"Achillios, archbishop of Larissa","Ἀχιλλίου, ἀρχιεπ. Λαρίσης"
,,,,,
,,,,Theodore the Sanctified,Θεοδώρου τοῦ ἡγιασμένου
,,,,"Alexander, archbishop  of Jerusalem","Ἀλεξάνδρου, άρχιεπισκόπου Ἱεροσολύμων"
,,,,,
,,Movable,,Sunday of the Blind Man,Τοῦ Τυφλοῦ
,,,,Apostles Andronicos & Junia of the 70,Ἀνδρονίκου & Ἰουνίας ἐκ τῶν 70 ἀποστόλων
,,,,,
,,,,Martyr Peter & his compan.,Πέτρου & τῶν σὺν αὐτῷ μαρτύρων
,,,,Martyr Theodotos & his  companions,Θεοδότου & τῶν σὺν αὐτῷ μαρτύρων
,,,,,
,,,,Hieromartyr Patrick of Prusa & his companions,Πατρικίου ἱερομάρτυρος Προύσης & τῶν σὺν αὐτῷ μαρτύρων
,,,,,
,,Movable,,Leave-Taking of Pascha,Ἡ Ἀπόδοσις τοῦ Πάσχα
,,,,Martyr Thalelaeos & his companions,Θαλλελαίου μάρτυρος & τῶν σὺν αὐτῷ
,,,,Translation of relics of St. Nicholas the Wonderworker,Ἀνακομιδὴ τῶν λειψάνων τοῦ Ἁγ. Νικολάου τοῦ θαυματουργοῦ
,,,,,
,,Movable,,Ascension of Our Lord,Ἡ Ἀνάληψις τοῦ Κυρίου
,,,,"Great Sovereigns Constantine & Helen, Equals-to-the-Apostles",Κωνσταντίνου & Ἑλένης τῶν μεγάλων Βασιλέων & ἰσαποστόλων
,,,,,
,,,,Martyr Basiliscos,Βασιλίσκου μάρτυρος
,,,,Commemoration of the Fathers of the 2nd Ecumenical Council,Μνήμη τῶν Πατέρων τῆς Β΄ Οἰκουμενικῆς Συνόδου
,,,,,
,,,,"Michael the Confessor, bishop of Synnada","Μιχαὴλ ὁμολογητοῦ, ἐπ. Συννάδων"
,,,,Myrrh-bearer Mary of Kleopas,Μαρίας μυροφόρου τοῦ Κλωπᾶ
,,,,,
,,Movable,,Fathers of the 1st Ecumenical Council,Τῶν ἁγίων Πατέρων τῆς  Α΄ Οἰκουμ. Συνόδου
,,,,Ven. Symeon Stylite of the Wondrous Mountain,Συμεὼν ὁσ. τοῦ Θαυμαστορείτου
,,,,Ven. Vincent of Lerins,"Βικεντίου ὁσ., τῆς Λερένης"
,,,,,
,,,,3rd Finding of the Precious Head of St. John the Baptist,Γ΄ εὕρεσις τῆς τιμίας κεφαλῆς Ἰωάννου τοῦ Προδρόμου
,,,,,
,,,,Apostles Carpos & Alphaeos of the 70,Κάρπου & Ἀλφαίου ἀποστόλων ἐκ τῶν 70
,,,,,
,,,,"John the Russian, the Confessor",Ἰωάννου ὁμολογητοῦ τοῦ Ρώσσου
,,,,Hieromartyr Helladios,Ἑλλαδίου ἱερομάρτυρος
,,,,,
,,,,"Hieromartyr Eutyches, bishop of Melitene","Εὐτυχοῦς ἱερομάρτυρος, ἐπισκ. Μελιτηνῆς"
,,,,Andrew the fool-for-Christ,Ἀνδρέου τοῦ διὰ Χριστὸν σαλοῦ
,,,,,
,,,,Virgin-martyr Theodosia,Θεοδοσίας παρθενομάρτυρος
,,,,Ven. Ypomoni,Ὑπομονῆς ὁσίας
,,,,,
,,Movable,,Soul Saturday,Ψυχοσάββατον
,,,,Ven. Isaakios of Constantinople,Ἰσαακίου ὁσίου ΚΠόλεως
,,,,"Emmelia, mother of St. Basil the Great","Ἐμμελείας, μητρὸς τοῦ Μεγ. Βασιλείου"
,,,,,
,,Movable,,Pentecost,Πεντηκοστή
,,,,Martyr Hermias,Ἑρμείου μάρτυρος
,,,,Five martyrs of Ascalon,Τῶν ἐν Ἀσκάλωνι 5 μαρτύρων
,,,,,
June,2025-06-01,Movable,,Day of the Holy Spirit,Τοῦ Ἁγίου Πνεύματος
,2025-06-02,,,Martyr Justin the Philosopher,Ἰουστίνου τοῦ φιλοσόφου & μάρτυρος
,2025-06-03,,,Ven. Agapitos of Kiev,Ἀγαπητοῦ ὁσίου τοῦ Κιέβου
,2025-06-04,,,,
,2025-06-05,,,"Nikiphoros, patriarch of Constantinople","Νικηφόρου, Πατρ. ΚΠόλεως"
,2025-06-06,,,Hieromartyr Erasmos,Ἐράσμου ἱερομάρτυρος
,2025-06-07,,,,
,2025-06-08,,,Martyr Lucillian and his companions & Paula the Virgin,Λουκιλλιανοῦ & τῶν σὺν αὐτῷ μαρτύρων & Παύλης τῆς παρθένου
,2025-06-09,,,,
,2025-06-10,,,"Metrophanis, patriarch of Constantinople","Μητροφάνους, Πατρ. ΚΠόλεως"
,2025-06-11,,,"Martha & Mary, sisters of Lazaros","Μάρθας & Μαρίας, ἀδελφῶν τοῦ Λαζάρου"
,2025-06-12,,,,
,2025-06-13,,,"Hieromartyr Dorotheos, bishop of Tyre","Δωροθέου ἱερομάρ., ἐπ. Τύρου"
,2025-06-14,,,Martyr Nicander,Νικάνδρου μάρτυρος
,2025-06-15,,,,
,2025-06-16,,,Ven. Ilarion of Dalmatian Monastery,Ἱλαρίωνος ὁσίου Μ. Δαλμάτων
,2025-06-17,,,Martyr Gelasios,Γελασίου μάρτυρος
,2025-06-18,,,,
,2025-06-19,Movable,,All Saints,Τῶν Ἁγίων Πάντων
,2025-06-20,,,Hieromartyr Theodotos of Ancyra,Θεοδότου ἱερομάρτυρος Ἀγκύρας
,2025-06-21,,,Martyr Zenaida,Ζηναΐδος μάρτυρος
,2025-06-22,,,,
,2025-06-23,Movable,,Apostles’ Fast Begins,Ἀρχὴ νηστείας τῶν ἀποστόλων
,2025-06-24,,,Translation of the relics of Great-martyr Theodore the General,Ἀνακομιδὴ τῶν λειψάνων Θεοδώρου τοῦ Στρατηλάτου
,2025-06-25,,,Martyr Calliopi,Καλλιόπης μάρτυρος
,2025-06-26,,,,
,2025-06-27,,,"Cyril, archbishop of Alexandria","Κυρίλλου, ἀρχιεπ. Ἀλεξανδρείας"
,2025-06-28,,,Virgin-martyrs Thekla & 4 companions,Θέκλης & 4 παρθενομαρτύρων
,2025-06-29,,,,
,2025-06-30,,,Martyrs Alexander & Antonina,Ἀλεξάνδρου & Ἀντωνίνης τῶν μαρτύρων
,,,,Ven. Theophanis & Pansemni,Θεοφάνους & Πανσέμνης ὁσίων
,,,,,
,,,,Ap. Bartholomew & Barnabas,Βαρθολομαίου & Βαρνάβα ἀπ.
,,,,Icon of the Theotokos “It Is Meet”,Εἰκόνος τῆς Παναγίας τοῦ “Ἄξιόν ἐστιν”
,,,,"Luke, archb. of Simferopol","Λουκᾶ, ἀρχιεπ. Συμφερουπόλεως"
,,,,,
,,,,Onuphrios the Great,Ὀνουφρίου τοῦ Μεγάλου
,,,,Ven. Peter of Mt. Athos,Πέτρου ὁσίου τοῦ Ἀθωνίτου
,,,,,
,,,,Martyr Aquilina,Ἀκυλίνης μάρτυρος
,,,,"Antipater, bishop of Bostra","Ἀντιπάτρου, ἐπισκόπου Βόστρων"
,,,,,
,,Movable,,Athonite Fathers,Τῶν Ἁγιορειτῶν  Πατέρων·
,,Movable,,All Saints of N. America,Τῶν Ἁγίων τῆς Βορείου Ἀμερικῆς
,,,,Prophet Elisha,Ἐλισσαίου τοῦ προφήτου
,,,,"Methodios, patriarch of Constantinople",Μεθοδίου Πατρ. ΚΠόλεως
,,,,,
,,,,Prophet Amos,Ἀμὼς τοῦ προφήτου
,,,,Augustine & his mother Monica,Αὐγουστίνου ἐπ. Ἱππῶνος & Μονίκης τῆς μητρὸς αὐτοῦ
,,,,Ven. Jerome of Stridon,Ἱερωνύμου ὁσίου τοῦ ἐν Στριδώνι
,,,,,
,,,,"Tikhon, bishop of Amathus of Cyprus","Τύχωνος, ἐπισκόπου Ἀμαθοῦντος τῆς Κύπρου"
,,,,,
,,,,"Martyrs Manuel, Sabel & Ismael","Μανουήλ, Σαβὲλ & Ἰσμαὴλ τῶν μαρτύρων"
,,,,,
,,,,"Martyrs Leontios, Hypatios & Theodulos","Λεοντίου, Ὑπατίου & Θεοδούλου τῶν μαρτύρων"
,,,,,
,,,,"Apostle Jude, the Lord’s brother",Ἰούδα ἀποστόλου τοῦ ἀδελφοθέου
,,,,Paisios the Great,Παϊσίου τοῦ Μεγάλου
,,,,,
,,,,Hieromartyr Methodios of Patara,Μεθοδίου ἱερομάρτ. Πατάρων
,,,,Nicholas Cabasilas,Νικολάου τοῦ Καβάσιλα
,,,,,
,,Movable,,New Martyrs,Τῶν Ἁγίων Νεομαρτύρων
,,,,Martyr Julian of Tarsus,"Ἰουλιανοῦ μάρτ., τοῦ Ταρσέως"
,,,,"Hierom. Terence, bishop of Iconium","Τερεντίου ἱερομάρτυρος, ἐπισκόπου Ἰκονίου"
,,,,,
,,,,Hieromartyr Eusebios of Samosata,Εὐσεβίου ἱερομ. Σαμοσάτων
,,,,Martyrs Zeno & Zenas,Ζήνωνος & Ζηνᾶ τῶν μαρτύρων
,,,,,
,,,,Virgin-martyr Agrippina,Ἀγριππίνης μάρτυρος
,,,,Vladimir Icon of the Theotokos,Εἰκόνος τῆς Παναγίας “τοῦ Βλαδιμήρ”
,,,,,
,,,,Nativity of John the Baptist & Forerunner,Γενέσιον Ἰωάννου τοῦ Προδρόμου & Βαπτιστοῦ
,,,,,
,,,,Virgin-martyr Fevronia,Φεβρωνίας παρθενομάρτυρος
,,,,Ven. Dionysios & Dometios of Mt. Athos,"Διονυσίου & Δομετίου ὁσίων, τῶν ἐν Ἄθῳ"
,,,,,
,,,,Ven. David of Thessalonica,Δαβίδ ὁσίου τοῦ ἐν Θεσσαλονίκῃ
,,,,"John, bishop of Gotthia","Ἰωάννου, ἐπισκόπου Γοτθίας"
,,,,,
,,,,Ven. Sampson the Hospitable,Σαμψὼν ὁσίου τοῦ Ξενοδόχου
,,,,Joanna the Myrrh-bearer,Ἰωάννας τῆς μυροφόρου
,,,,,
,,Movable,,4th Sunday of Matthew,Δ΄ Ματθαίου
,,,,Finding of the relics of Unmercenaries Cyrus & John,Ἀνακομιδὴ λειψάνων Κύρου & Ἰωάννου τῶν Ἀναργύρων
,,,,,
,,,,Apostles Peter & Paul,Πέτρου & Παύλου τῶν Πρωτοκορυφαίων Ἀποστόλων
,,,,,
,,,,Synaxis of the 12 Apostles,Ἡ σύναξις τῶν 12 Ἀποστόλων
,,,,,
July,2025-07-01,,,Unmercenaries Cosmas & Damian,Κοσμᾶ & Δαμιανοῦ τῶν Ἀναργύρων
,2025-07-02,,,,
,2025-07-03,,,Placing of Precious Robe of Theotokos in Blachernae,Κατάθεσις τῆς Τιμίας Ἐσθῆτος τῆς Θεοτόκου ἐν Βλαχέρναις
,2025-07-04,,,"John Maximovitch, archb. of San Francisco","Ἰωάννου Μαξίμοβιτς, ἀρχιεπ. Σὰν Φραντσίσκο"
,2025-07-05,,,,
,2025-07-06,,,Martyr Hyacinth,Ὑακίνθου μάρτυρος
,2025-07-07,,,"Anatolios, patriarch of Constantinople","Ἀνατολίου, Πατρ. ΚΠόλεως"
,2025-07-08,,,,
,2025-07-09,,,"Andrew, archbishop of Crete","Ἀνδρέου, ἀρχιεπισκόπου Κρήτης"
,2025-07-10,,,"Hieromartyr Theodore, bishop of Cyrene","Θεοδώρου ἱερομ., ἐπ. Κυρήνης"
,2025-07-11,,,,
,2025-07-12,Movable,,5th Sunday of Matthew,Ε΄ Ματθαίου
,2025-07-13,,,Athanasios of Athos,Ἀθανασίου τοῦ Ἀθωνίτου
,2025-07-14,,,Ven. Lampados,Λαμπαδοῦ ὁσίου
,2025-07-15,,,,
,2025-07-16,,,Sisoes the Great,Σισώη τοῦ Μεγάλου
,2025-07-17,,,Virgin-martyr Lucia,Λουκίας τῆς παρθενομάρτυρος
,2025-07-18,,,,
,2025-07-19,,,Great-martyr Kyriaki,Κυριακῆς μεγαλομάρτυρος
,2025-07-20,,,Ven. Thomas of Mt. Maleon,Θωμᾶ ὁσίου τοῦ ἐν Μαλεῷ
,2025-07-21,,,,
,2025-07-22,,,Great-martyr Procopios,Προκοπίου μεγαλομάρτυρος
,2025-07-23,,,Ven. Theophilos the Myrrhgusher of Mt. Athos,"Θεοφίλου μυροβλύτου, τοῦ Ἀθωνίτου"
,2025-07-24,,,,
,2025-07-25,,,Hieromartyr Pancratios of Taormina,"Παγκρατίου ἱερομάρτυρος, ἐπισκόπου Ταυρομενίας"
,2025-07-26,,,,
,2025-07-27,,,45 Martyrs of Nicopolis in Armenia,Τῶν ἐν Νικοπόλει τῆς Ἀρμενίας 45 μαρτύρων
,2025-07-28,,,Anthony of Kiev Caves,Ἀντωνίου τῶν Σπηλαίων Κιέβου
,2025-07-29,,,,
,2025-07-30,,,Great-martyr Euphemia,Εὐφημίας μεγαλομάρτυρος
,2025-07-31,,,"Princess Olga, Equal-to-the-Apostles",Ὄλγας Βασιλίσσης τῆς ἰσαποστ.
,,,,Ven. Sophrony of Essex,Σωφρονίου ὁσίου τοῦ Ἔσσεξ
,,,,,
,,Movable,,6th Sunday of Matthew,ΣΤ΄ Ματθαίου
,,,,Martyrs Proclos & Hilary,Πρόκλου & Ἱλαρίου μαρτύρων
,,,,"Veronica, woman with the issue of blood",Βερονίκης τῆς αἱμορροούσης
,,,,Ven. Paisios of Mt. Athos,Παϊσίου ὁσίου τοῦ Ἀθωνίτου
,,,,,
,,,,Synaxis of the Archangel Gabriel,Ἡ σύναξις Ἀρχαγγέλου Γαβριὴλ
,,,,Ven. Stephen of St. Sabba’s Monastery,Στεφάνου ὁσίου τοῦ Σαββαΐτου
,,,,,
,,,,Apostle Aquila of the 70,Ἀκύλα ἀποστόλου ἐκ τῶν 70
,,,,Ven. Nikodemos of Mt. Athos,Νικοδήμου ὁσίου τοῦ Ἁγιορείτου
,,,,,
,,,,Martyrs Kyricos & Julitta,Κηρύκου & Ἰουλίττης μαρτύρων
,,,,"Prince Vladimir, Eq.-to-the-Apostles","Βλαδιμήρου πρίγκηπος τῆς Ρωσσίας, τοῦ ἰσαποστόλου"
,,,,,
,,,,Hierom. Athenogenes & his disciples,Ἀθηνογένους ἱερομάρτυρος & τῶν σὺν αὐτῷ
,,,,,
,,,,Great-martyr Marina,Μαρίνης μεγαλομάρτυρος
,,,,Royal Martyrs of Russia,Τῶν Βασιλομαρτύρων τῆς Ρωσσίας
,,,,,
,,,,Martyr Emilian,Αἰμιλιανοῦ μάρτυρος
,,,,Ven. Pambo,Παμβὼ τοῦ ὁσίου
,,,,Martyrs Grand Duchess Elizabeth & Nun Barbara,Ἐλισάβετ τῆς Μεγάλης Δουκίσσης & Βαρβάρας μοναχῆς τῶν μαρτύρων
,,,,,
,,Special,,Holy Fathers of 4th Ecumenical Council,Τῶν ἁγ. Πατέρων τῆς Δ΄ Οἰκ. Συνόδου
,,,,"Ven. Macrina, sister of St. Basil the Great","Μακρίνης ὁσίας, ἀδελφῆς τοῦ Μεγάλου Βασιλείου"
,,,,Translation of the relics of St. Seraphim of Sarov,Ἀνακ. λειψ. Σεραφεὶμ τοῦ Σαρώφ
,,,,,
,,,,Prophet Elijah,Ἠλιοὺ προφήτου τοῦ Θεσβίτου
,,,,,
,,,,Ven. Symeon fool-for-Christ & John,Συμεὼν τοῦ διὰ Χριστὸν σαλοῦ & Ἰωάννου τῶν ὁσίων
,,,,Ven. Onuphrios of Kiev Caves,Ὀνουφρίου ὁσίου τῶν Σπηλαίων τοῦ Κιέβου
,,,,,
,,,,Virgin-martyr Marcella,Μαρκέλλης παρθενομάρτυρος
,,,,,
,,,,Trans. of the relics of hieromartyr Phocas,Ἀνακ. λειψ. Φωκᾶ ἱερομάρτυρος
,,,,Prophet Ezekiel,Ἰεζεκιὴλ τοῦ προφήτου
,,,,,
,,,,Great-martyr Christina,Χριστίνης μεγαλομάρτυρος
,,,,Passionbearers Boris & Gleb,"Βόριδος & Γκλέμπ ἀθλοφόρων, τῶν Ρώσσων"
,,,,,
,,,,Olympiada the Deaconess,Ὀλυμπιάδος τῆς διακόνου
,,,,Ven. Efpraxia,Εὐπραξίας ὁσίας
,,,,,
,,Movable,,8th Sunday of Matthew,Η΄ Ματθαίου
,,,,Hierom. Hermolaos & his companions,Ἑρμολάου ἱερομάρτυρος & τῶν σὺν αὐτῷ
,,,,Martyr Parasceva,Παρασκευῆς ὁσιομάρτυρος
,,,,,
,,,,Great-martyr & healer Panteleimon,Παντελεήμονος μεγαλομάρτυρος & ἰαματικοῦ
,,,,Ven. Anthousa the Confessor,Ἀνθούσης ὁσ. τῆς ὁμολογητρίας
,,,,,
,,,,"Prochoros, Nicanor, Timon & Parmenas, Deacons & Apostles of the 70","Προχόρου, Νικάνορος, Τίμωνος,  Παρμενᾶ, τῶν διακόνων & ἀποστόλων ἐκ τῶν 70"
,,,,Irene of Chrysovalantou,Εἰρήνης Χρυσοβαλάντου
,,,,,
,,,,Martyr Kallinikos,Καλλινίκου μάρτυρος
,,,,Martyr Theodota & her three sons,Θεοδότης μάρτυρος & τῶν τριῶν τέκνων αὐτῆς
,,,,,
,,,,"Apostles Silas, Silvan, Crescens, Epenetos & Andronicos of the 70","Σίλα, Σιλουανοῦ, Κρήσκεντος, Ἐπαινετοῦ & Ἀνδρονίκου ἐκ τῶν 70 ἀπ."
,,,,,
,,,,Righteous Evdokimos,Εὐδοκίμου τοῦ δικαίου
,,,,Joseph of Arimathea,Ἰωσὴφ τοῦ ἀπὸ Ἀριμαθαίας
,,,,,
August,2025-08-01,,Note,Dormition Fast Begins,Ἀρχὴ νηστείας τοῦ Δεκαπενταυγούστου
,2025-08-02,,,Procession of the Precious Cross,Πρόοδος τοῦ Τιμίου Σταυροῦ
,2025-08-03,,,Seven Maccabees,Τῶν ἑπτὰ παίδων τῶν Μακκαβαίων
,2025-08-04,,,,
,2025-08-05,Movable,,9th Sunday of Matthew,Θ΄ Ματθαίου
,2025-08-06,,,Translation of the relics of Protomartyr Stephen,Ἀνακομιδὴ τῶν λειψάνων τοῦ πρωτομάρτυρος Στεφάνου
,2025-08-07,,,,
,2025-08-08,,,"Ven. Isaac, Dalmatos & Faustos","Δαλμάτου, Φαύστου & Ἰσαακίου τῶν ὁσίων"
,2025-08-09,,,Myrrh-bearer Salome,Σαλώμης τῆς Μυροφόρου
,2025-08-10,,,Ven. Theodora of Thessalonica,Θεοδώρας ὁσίας τῆς ἐν Θεσσαλονίκῃ
,2025-08-11,,,,
,2025-08-12,,,Seven Youths of Ephesus,Τῶν ἐν Ἐφέσῳ ἑπτὰ παίδων
,2025-08-13,,,Martyr Evdokia,Εὐδοκίας ὁσιομάρτυρος
,2025-08-14,,,,
,2025-08-15,,,Martyr Evsignios,Εὐσιγνίου μάρτυρος
,2025-08-16,,,"Righteous Nonna, mother of St. Gregory the Theologian","Νόννης, μητρὸς Γρηγορίου τοῦ Θεολόγου"
,2025-08-17,,,,
,2025-08-18,,,Transfiguration of Our Savior,Ἡ Μεταμόρφωσις τοῦ Σωτῆρος ἡμῶν Ἰησοῦ Χριστοῦ
,2025-08-19,,,,
,2025-08-20,,,Hieromartyr Dometios the Persian,Δομετίου ὁσιομάρτυρος τοῦ Πέρσου
,2025-08-21,,,Nicanor the Wonderworker,Νικάνορος τοῦ Θαυματουργοῦ
,2025-08-22,,,,
,2025-08-23,,,"Emilian, bishop of Cyzicos","Αἰμιλιανοῦ, ἐπισκόπου Κυζίκου"
,2025-08-24,,,"Myron, bishop of Crete","Μύρωνος, ἐπισκόπου Κρήτης"
,2025-08-25,,,New-martyr Triandafyllos of Zagora,Τριανταφύλλου νεομάρτυρος Ζαγορᾶς
,2025-08-26,,,,
,2025-08-27,Movable,,10th Sunday of Matthew,I΄ Ματθαίου
,2025-08-28,,,Apostle Matthias,Ματθίου τοῦ ἀποστόλου
,2025-08-29,,,Ven. Psoes of Egypt,Ψόη ὁσίου τοῦ Αἰγυπτίου
,2025-08-30,,,,
,2025-08-31,,,Hieromar. Archdeacon Lawrence & Sixtus pope of Rome,"Λαυρεντίου ἀρχιδιακόνου & Ξύστου πάπα Ρώμης, τῶν ἱερομαρτύρων"
,,,,,
,,,,Martyr Euplos the Deacon,Εὔπλου μάρτυρος τοῦ διακόνου
,,,,"Niphon, patriarch of Constantinople","Νήφωνος, Πατρ. ΚΠόλεως"
,,,,,
,,,,Martyrs Photios & Anikitos,Φωτίου & Ἀνικήτου μαρτύρων
,,,,Ven. Palamon of Egypt,Παλάμωνος ὁσ. τοῦ Αἰγυπτίου
,,,,,
,,,,Maximos the Confessor,Μαξίμου τοῦ ὁμολογητοῦ
,,,,Dorotheos & Dositheos of Gaza,Δωροθέου & Δοσιθέου Γάζης
,,,,Tikhon of Zadonsk,Τύχωνος τοῦ Ζαντόνσκ
,,,,,
,,,,Prophet Micah,Μιχαίου τοῦ προφήτου
,,,,Hieromartyr Markellos of Apamea,"Μαρκέλλου ἱερομάρτυρος, ἐπισκόπου Ἀπαμείας"
,,,,,
,,,,Dormition of the Most Holy Theotokos,Ἡ Κοίμησις τῆς Ὑπεραγίας Θεοτόκου
,,,,,
,,Movable,,11th Sunday of Matthew,IA΄ Ματθαίου
,,,,Icon of Our Lord Not-Made-By-Hands,Τοῦ Ἁγίου Μανδηλίου
,,,,Martyr Diomedis the Healer,Διομήδους μάρτ. τοῦ ἰαματικοῦ
,,,,Ven. Joseph the Hesychast,Ἰωσήφ ὁσίου τοῦ Ἡσυχαστοῦ
,,,,,
,,,,Hieromartyr Myron,Μύρωνος ἱερομάρτυρος
,,,,Martyrs Paul & Julianna,Παύλου & Ἰουλιανῆς μαρτύρων
,,,,,
,,,,Martyrs Floros & Lauros,Φλώρου & Λαύρου μαρτύρων
,,,,Ven. John of Rila,Ἰωάννου ὁσίου τῆς Ρίλας
,,,,,
,,,,"Great-martyr Andrew the Commander & the 2,593 soldiers with him",Ἀνδρέου τοῦ στρατηλάτου & τῶν σὺν αὐτῷ 2.593 μαρτύρων
,,,,,
,,,,Prophet Samuel,Σαμουὴλ τοῦ προφήτου
,,,,"Martyr Lucios, the Senator of Cyprus","Λουκίου μάρτυρος, τοῦ βουλευτοῦ Κύπρου"
,,,,,
,,,,Apostle Thaddeus,Θαδδαίου τοῦ ἀποστόλου
,,,,Martyr Vassa & her three sons,Βάσσης μάρτυρος & τῶν τέκνων αὐτῆς
,,,,,
,,,,Martyr Agathonicos & his companions,Ἀγαθονίκου μάρτυρος & τῶν σὺν αὐτῷ
,,,,Virgin-martyr Eulalia,Εὐλαλίας τῆς παρθενομάρτυρος
,,,,Icon of the Theotokos of Prusa,Εἰκόνος τῆς Παναγίας τῆς “Προυσιωτίσσης”
,,,,,
,,Movable,,12th Sunday of Matthew,IB΄ Ματθαίου
,,,,Martyr Lupos,Λούππου μάρτυρος
,,,,Icon of the Theotokos Parigoritissa,Εἰκόνος τῆς Παναγίας τῆς “Παρηγορητίσσης”
,,,,,
,,,,"Hieromartyr Cosmas of Aetolia, Equal-to-the-Apostles","Κοσμᾶ τοῦ Αἰτωλοῦ, ἱερομάρτυρος & ἰσαποστόλου"
,,,,,
,,,,Translation of relics of Apostle Bartholomew,Μετακομιδὴ τῶν λειψάνων τοῦ ἀποστόλου Βαρθολομαίου
,,,,"Titus, bishop of Crete, apostle of the 70","Τίτου ἐπ. Κρήτης, ἀπ. ἐκ τῶν 70"
,,,,,
,,,,Martyrs Adrian & Natalie,Ἀδριανοῦ & Ναταλίας τῶν μαρτύρων
,,,,"Ven. Ioasaph, king of India","Ἰωάσαφ ὁσίου, Βασιλέως Ἰνδῶν "
,,,,,
,,,,Poemen the Great,Ποιμένος τοῦ Μεγάλου
,,,,Martyr Phanurios,Φανουρίου μεγαλομάρτυρος
,,,,"Hosios, bishop of Cordova","Ὁσίου, ἐπισκόπου Κορδούης"
,,,,,
,,,,Ven. Moses the Ethiopian,"Μωϋσέως ὁσίου, τοῦ Αἰθίοπος"
,,,,"Righteous Hezekiah, king of Judah","Δικαίου Ἐζεκία, βασιλέως τοῦ Ἰούδα"
,,,,,
,,,,Beheading of St. John the Baptist,Ἡ ἀποτομὴ τῆς τιμίας κεφαλῆς Ἰωάννου τοῦ Προδρόμου
,,,,,
,,Movable,,13th Sunday of Matthew,ΙΓ΄ Ματθαίου
,,,,"Alexander, John & Paul the New,  patr. of Constantinople","Ἀλεξάνδρου, Ἰωάννου & Παύλου, Πατριαρχῶν ΚΠόλεως"
,,,,,
,,,,Placing of Sash of the Theotokos,Ἡ Κατάθεσις τῆς Τιμίας Ζώνης τῆς Ὑπεραγίας Θεοτόκου
,,,,,
September,2025-09-01,,,Beginning of the Ecclesiastical Year,Ἀρχὴ τῆς Ἰνδίκτου
,2025-09-02,,,Symeon the Stylite & his mother Martha,Συμεὼν τοῦ Στυλίτου & Μάρθας τῆς μητρὸς αὐτοῦ
,2025-09-03,,,Icon of the Theotokos Pammakaristos,Εἰκόνος τῆς Παναγίας τῆς “Παμμακαρίστου”
,2025-09-04,,,,
,2025-09-05,,,Martyr Mamas,Μάμαντος μάρτυρος
,2025-09-06,,,"John the Faster, patriarch of Constantinople","Ἰωάννου τοῦ νηστευτοῦ, Πατριάρχου ΚΠόλεως "
,2025-09-07,,,,
,2025-09-08,,,Hieromartyr Anthimos,Ἀνθίμου ἱερομάρτυρος
,2025-09-09,,,"Translation of the relics of St. Nectarios, bishop of Pentapolis","Ἀνακομιδὴ τῶν λειψάνων τοῦ ἁγ. Νεκταρίου, ἐπ. Πενταπόλεως"
,2025-09-10,,,,
,2025-09-11,,,Prophet Moses,Μωϋσέως τοῦ προφήτου 
,2025-09-12,,,Hieromartyr Babylas,Βαβύλα ἱερομάρτυρος
,2025-09-13,,,Martyr Hermione,Ἑρμιόνης μάρτυρος
,2025-09-14,,,,
,2025-09-15,,,"Prophet Zacharias, father of St. John the Baptist","Ζαχαρίου τοῦ προφήτου, πατρὸς Ἰωάννου τοῦ Προδρόμου"
,2025-09-16,,,,
,2025-09-17,Movable,,14th Sunday of Matthew,IΔ΄ Ματθαίου
,2025-09-18,,,Miracle of the Archangel Michael at Chonae,Ἀνάμνησις τοῦ ἐν Χώναις θαύματος τοῦ Ἀρχαγγέλου Μιχαήλ
,2025-09-19,,,,
,2025-09-20,,,Martyr Sozon,Σώζοντος μάρτυρος
,2025-09-21,,,Cassiani the Hymnographer,Κασσιανῆς τῆς ὑμνογράφου
,2025-09-22,,,,
,2025-09-23,,,Nativity of the Most Holy Theotokos,Τὸ Γενέσιον τῆς Ὑπεραγίας Θεοτόκου
,2025-09-24,,,,
,2025-09-25,,,Right. Joachim & Anna,Σύναξις Ἰωακεὶμ & Ἄννης
,2025-09-26,,,Commem. of the Fathers of the 3rd Ecumenical Council,Μνήμη τῶν Πατέρων τῆς Γ΄ Οἰκουμενικῆς Συνόδου
,2025-09-27,,,,
,2025-09-28,,,"Martyrs Menodora, Metrodora & Nymphodora","Μηνοδώρας, Μητροδώρας & Νυμφοδώρας τῶν μαρτύρων"
,2025-09-29,,,Pulcheria the Empress,Πουλχερίας τῆς Βασιλίσσης
,2025-09-30,,,,
,,,,Theodora of Alexandria,Θεοδώρας Ἀλεξανδρείας
,,,,Euphrosynos the Cook,Εὐφροσύνου τοῦ μαγείρου
,,,,,
,,,,Hieromartyr Autonomos,Αὐτονόμου ἱερομάρτυρος
,,,,Hieromartyr Coronatos of Iconium,"Κουρνούτου ἱερομάρτυρος, ἐπισκόπου Ἰκονίου"
,,,,,
,,DRS,,Sunday before the Elevation,Πρὸ τῆς Ὑψώσεως
,,,,Consecration of the Church of the Resurrection at Jerusalem,Ἐγκαίνια τοῦ ἐν Ἱερουσαλήμ ναοῦ τῆς Ἀναστάσεως
,,,,Hieromartyr Cornelios the Centurion,Κορνηλίου ἑκατοντάρχου
,,,,,
,,,,Elevation of the Precious and Life-Giving Cross,Ἡ Ὕψωσις τοῦ Τιμίου καὶ Ζωοποιοῦ Σταυροῦ
,,,,,
,,,,Great-martyr Nicetas the Goth,Νικήτα μεγαλομάρτυρος τοῦ Γότθου
,,,,"Symeon, archbishop of Thessalonica","Συμεών, ἀρχιεπ. Θεσσαλονίκης"
,,,,,
,,,,Great-martyr Euphemia,Εὐφημίας μεγαλομάρτυρος
,,,,Martyr Ludmilla,Λουδμίλλας μάρτυρος Τσεχίας
,,,,,
,,,,"Martyrs Sophia, Faith, Hope & Love","Σοφίας, Πίστεως, Ἐλπίδος & Ἀγάπης τῶν μαρτύρων"
,,,,Hieromartyrs Heraclidios & Myron of Cyprus,"Ἡρακλειδίου & Μύρωνος, ἱερομαρτύρων τῆς Κύπρου"
,,,,,
,,,,Martyr Ariadni,Ἀριάδνης μάρτυρος
,,,,,
,,,,"Martyrs Trophimos, Sabbatios & Dorymedon","Τροφίμου, Σαββατίου & Δορυμέδοντος τῶν μαρτύρων"
,,,,,
,,DRS,,Sunday after the Elevation,Μετὰ τὴν Ὕψωσιν
,,,,Gr. martyr Eustathios & his family,Εὐσταθίου μεγαλομάρτυρος & τῶν σὺν αὐτῷ
,,,,,
,,,,Apostle Codratos of the 70,Κοδράτου ἀποστόλου ἐκ τῶν 70
,,,,Prophet Jonah,Ἰωνᾶ τοῦ προφήτου
,,,,,
,,,,Hieromartyr Phocas,Φωκᾶ ἱερομάρτυρος
,,,,"26 martyrs of Zographou Monastery, Mt. Athos, martyred by the Latins",Τῶν ἐν τῇ Μονῇ Ζωγράφου 26 μαρτύρων τῶν ὑπὸ Λατίνων μαρτυρησάντων
,,,,,
,,,,Conception of St. John the Baptist,Σύλληψις τοῦ Τιμίου Προδρόμου
,,,,Ven. Xanthippi & Polyxeni,Ξανθίππης & Πολυξένης τῶν ὁσίων
,,,,,
,,,,"First Woman-Martyr Thecla, Equal-to-the Apostles",Θέκλης πρωτομάρτυρος & ἰσαπόστολου
,,,,Ven. Silouan the Athonite,Σιλουανοῦ ὁσίου τοῦ Ἀθωνίτου
,,,,,
,,,,Ven. Euphrosyne of Alexandria,Εὐφροσύνης ὁσίας
,,,,Monk-martyr Paphnutios,Παφνουτίου ὁσιομάρτυρος
,,,,Ven. Sergios of Radonezh,Σεργίου ὁσίου τοῦ Ραντονέζ
,,,,,
,,,,Apostle John the Theologian,Ἰωάννου τοῦ Θεολόγου & Εὐαγγελιστοῦ
,,,,Righteous Gideon,Γεδεὼν τοῦ δικαίου
,,,,,
,,DRS,,1st Sunday of Luke,Α΄ Λουκᾶ
,,,,Martyr Callistratos & his companions,Καλλιστράτου μάρτυρος & τῶν σὺν αὐτῷ
,,,,"Apostles Aristarchos, Zenas, Mark of the 70","Ἀριστάρχου, Μάρκου & Ζήνωνος ἐκ τῶν 70 ἀπ."
,,,,,
,,,,Chariton the Confessor,Χαρίτωνος τοῦ ὁμολογητοῦ
,,,,Prophet Baruch,Βαρούχ τοῦ προφήτου
,,,,Neophytos the Recluse of Cyprus,Νεοφύτου τοῦ ἐγκλείστου τῆς Κύπρου
,,,,,
,,,,Kyriakos the anchorite,Κυριακοῦ τοῦ ἀναχωρητοῦ
,,,,Gr. martyr Govdelaas,Γοβδελαᾶ τοῦ μεγαλομάρτυρος
,,,,Martyr Gudelia of Persia,Γουδελίας μάρτυρος τῆς Περσίδος
,,,,,
,,,,Hieromartyr Gregory of Armenia,"Γρηγορίου ἱερομάρτυρος, ἐπισκ. Ἀρμενίας"
,,,,Martyrs Rhipsimia & Gaiani,Ριψιμίας & Γαϊανῆς τῶν μαρτύρων
,,,,,
October,2025-10-01,,,Holy Protection of the Mother of God,Ἡ Ἁγία Σκέπη τῆς Θεοτόκου
,2025-10-02,,,Apostle Ananias of the 70,Ἀνανίου ἐκ τῶν 70 ἀποστόλων
,2025-10-03,,,Romanos the Melodist,Ῥωμανοῦ τοῦ μελωδοῦ
,2025-10-04,,,,
,2025-10-05,,,Hieromartyr Cyprian and Virgin-martyr Justina,Κυπριανοῦ ἱερομάρτυρος & Ἰουστίνης παρθενομάρτυρος
,2025-10-06,,,,
,2025-10-07,,,Hieromartyr Dionysios the Areopagite,Διονυσίου ἱερομάρτυρος τοῦ Ἀρεοπαγίτου
,2025-10-08,,,John the Hozebite,Ἰωάννου τοῦ Χοζεβίτου
,2025-10-09,,,,
,2025-10-10,DRS,,2nd Sunday of Luke,Β΄ Λουκᾶ
,2025-10-11,,,"Hierotheos, bishop of Athens","Ἱεροθέου, ἐπισκόπου Ἀθηνῶν"
,2025-10-12,,,Ven. Ammoun of Egypt,Ἀμμοῦν ὁσίου τοῦ Αἰγυπτίου
,2025-10-13,,,,
,2025-10-14,,,Martyr Charitina,Χαριτίνης μάρτυρος
,2025-10-15,,,Ven. Methodia of Kimolos,Μεθοδίας ὁσίας τῆς ἐν Κιμώλῳ
,2025-10-16,,,,
,2025-10-17,,,Apostle Thomas,Θωμᾶ τοῦ ἀποστόλου
,2025-10-18,,,Martyr Eroteis,Ἐρωτηίδος μάρτυρος
,2025-10-19,,,,
,2025-10-20,,,Martyrs Sergius & Bacchus,Σεργίου & Βάκχου μαρτύρων
,2025-10-21,,,Hieromartyr Julian,Ἰουλιανοῦ ἱερομάρτυρος
,2025-10-22,,,Hieromartyr Polychronios,Πολυχρονίου ἱερομάρτυρος
,2025-10-23,,,,
,2025-10-24,,,Virgin-martyr Pelagia,Πελαγίας τῆς παρθενομάρτυρος
,2025-10-25,,,Ven. Pelagia,Πελαγίας τῆς ὁσίας
,2025-10-26,,,Ven. Taisia,Ταϊσίας τῆς ὁσίας
,2025-10-27,,,,
,2025-10-28,,,"Apostle James, son of Alphaeos",Ἰακώβου Ἀλφαίου τοῦ ἀποστ.
,2025-10-29,,,Ven. Andronicos & Athanasia,Ἀνδρονίκου & Ἀθανασίας ὁσίων
,2025-10-30,,,,
,2025-10-31,,,Martyrs Eulampios & his sister Eulampia,Εὐλαμπίου & Εὐλαμπίας τῶν αὐταδέλφων & μαρτύρων
,,,,Ven. Bassian of Constantinople,Βασιανοῦ ὁσίου ΚΠόλεως
,,,,Ven. Ambrosy of Optina,Ἀμβροσίου ὁσ. τῆς Ὄπτινα
,,,,,
,,DRS,,Holy Fathers of the 7th Ecumenical Council,Τῶν ἁγ. Πατέρων τῆς Ζ΄ Οἰκουμενικῆς Συνόδου
,,,,"Deacon Philip, Apostle of the 70",Φιλίππου τοῦ διακόνου & ἀποστόλου ἐκ τῶν 70
,,,,,
,,,,"Martyrs Probos, Tarachos & Andronicos","Πρόβου, Ταράχου & Ἀνδρονίκου τῶν μαρτύρων"
,,,,Symeon the New Theologian,Συμεών τοῦ νέου Θεολόγου  
,,,,,
,,,,"Martyrs Carpos, Papylos, Agathodoros & Agathonica","Κάρπου, Παπύλου, Ἀγαθοδώρου & Ἀγαθονίκης τῶν μαρτύρων"
,,,,New-martyr Chrysi,Χρυσῆς τῆς νεομάρτυρος
,,,,,
,,,,"Martyrs Nazarios, Celsos, Gervasios & Protasios","Ναζαρίου, Κελσίου, Γερβασίου & Προτασίου τῶν μαρτύρων"
,,,,Cosmas the Hymnographer,Κοσμᾶ τοῦ μελωδοῦ
,,,,,
,,,,Hieromartyr Lucian of Antioch,Λουκιανοῦ ἱερομάρτυρος
,,,,Barsos the Confessor,Βάρσου τοῦ ὁμολογητοῦ
,,,,,
,,,,Martyr Longinos the Centurion,"Λογγίνου μάρτυρος, τοῦ ἑκατοντάρχου"
,,,,Martyr Leontios,Λεοντίου μάρτυρος
,,,,,
,,,,Prophet Hosea,Ὠσηὲ τοῦ προφήτου
,,,,Hieromartyr Andrew in “the Judgment”,Ἀνδρέου ἱερομάρτυρος τοῦ ἐν τῃ “Κρίσει”
,,,,,
,,DRS,,3rd Sunday of Luke,Γ΄ Λουκᾶ
,,,,Apostle Luke the Evangelist,Λουκᾶ τοῦ ἀποστόλου & Εὐαγγελιστοῦ
,,,,Martyr Marinos,Μαρίνου μάρτυρος
,,,,,
,,,,Prophet Joel,Ἰωὴλ τοῦ προφήτου
,,,,Martyr Varus,Οὐάρου μάρτυρος
,,,,John of Rila,Ἰωάννου τοῦ ἐν Ρίλᾳ
,,,,John of Kronstadt,Ἰωάννου τῆς Κρoνστάνδης
,,,,,
,,,,Great-martyr Artemios,Ἀρτεμίου μεγαλομάρτυρος
,,,,Ven. Matrona of Chios,Ματρώνης ὁσ. τῆς Χιοπολίτιδος
,,,,Ven. Gerasimos of Cephallonia,Γερασίμου τοῦ ἐν Κεφαλληνίᾳ
,,,,,
,,,,Hilarion the Great,Ἱλαρίωνος τοῦ Μεγάλου
,,,,Martyrs Socrates & Theodoti,Σωκράτους & Θεοδότης τῶν μαρτύρων
,,,,Ven. Christodoulos of Patmos,Χριστοδούλου ὁσ. ἐν Πάτμῳ
,,,,,
,,,,"Averkios of Hieropolis, Equal-to-the-Apostles","Ἀβερκίου Ἱεραπόλεως, τοῦ ἰσαποστόλου"
,,,,Ven. Lot & Rufos of Egypt,"Λὼτ & Ῥούφου ὁσίων, τῶν ἐν Αἰγύπτῳ"
,,,,,
,,,,"Apostle James, brother of the Lord, first bishop of Jerusalem","Ἰακώβου τοῦ Ἀδελφοθέου, πρώτου ἐπισκόπου Ἱεροσολύμων"
,,,,,
,,,,Great-martyr Arethas & his companions,Ἀρέθα μεγαλομάρτυρος καὶ τῶν σὺν αὐτῷ
,,,,Martyr Sebastiani,Σεβαστιανῆς μάρτυρος
,,,,,
,,DRS,,6th Sunday of Luke,ΣΤ΄ Λουκᾶ
,,,,Martyrs Marcian & Martyrios,Ταβιθᾶς τῆς ἐλεήμονος
,,,,Tabitha the Almsgiver,
,,,,,
,,,,Great-martyr Demetrios the Myrrhgusher,"Δημητρίου μεγαλομάρτυρος, τοῦ μυροβλύτου"
,,,,,
,,,,Martyr Nestor,Νέστορος μάρτυρος
,,,,Martyr Lupos,Λούππου μάρτυρος
,,,,"Procla, wife of Pontius Pilate","Πρόκλης, συζύγου τοῦ Ποντίου Πιλάτου"
,,,,,
,,,,Martyrs Terence & Neonilla & their 7 children,"Τερεντίου, Νεονίλλης μαρτύρων & τῶν ἑπτὰ τέκνων αὐτῶν"
,,,,Ven. Stephen the hymnographer,Στεφάνου ὁσίου & ὑμνογράφου
,,,,,
,,,,Virgin-martyr Anastasia of Rome,Ἀναστασίας παρθενομάρτυρος τῆς Ρωμαίας
,,,,Ven. Abramios & his niece Mary,"Ἀβραμίου ὁσίου & Μαρίας ὁσίας, τῆς ἀνεψιᾶς αὐτοῦ"
,,,,,
,,,,"Apostles Cleopas, Artemas, Tertios, Mark & Justos of the 70","Κλεόπα, Ἀρτεμᾶ, Τερτίου, Μάρκου & Ἰούστου ἐκ τῶν 70 ἀποστόλων"
,,,,Martyrs Zenobios & Zenobia,Ζηνοβίου & Ζηνοβίας τῶν μαρτ.
,,,,,
,,,,"Apostles Stachys, Apelles, Amplias & Aristobulos of the 70","Στάχυος, Ἀπελλοῦ, Ἀμπλίου & Ἀριστοβούλου ἐκ τῶν 70 ἀπ."
,,,,,
,2025-11-01,DRS,Feast,5th Sunday of Luke,Κοσμᾶ & Δαμιανοῦ Ἀναργύρων
,2025-11-01,,Saint,Unmercenaries Cosmas & Damian,Δαβἰδ ὁσίου τοῦ ἐν Εὐβοίᾳ
,2025-11-01,,Saint,Ven. David of Evia,
,2025-11-01,Special,Note,Daylight Savings Time ends Turn clocks back 1 hour,
,2025-11-02,,,"Martyrs Akindynos, Pegasios, Aphthonios, Elpidophoros & Anempodistos","Ἀκινδύνου, Πηγασίου, Ἀφθονίου, Ἐλπιδοφόρου & Ἀνεμποδίστου τῶν μαρτύρων"
,2025-11-03,,,The consecration of the church of Great-martyr George in Lydda,Ἀνάμνησις ἐγκαινίων τοῦ ναοῦ τοῦ ἁγ. μεγαλομάρτυρος Γεωργίου στὴ Λύδδα
,2025-11-04,,,Ioannikios the Great,Ἰωαννικίου τοῦ Μεγάλου
,2025-11-04,,,Hieromartyrs Nicander & Hermeos,Νικάνδρου & Ἑρμαίου τῶν ἱερομαρτύρων
,2025-11-05,,,Mart. Galaction & Epistemi,Γαλακτίωνος & Ἐπιστήμης τῶν μαρτύρων
,2025-11-05,,,"Ap. Hermas, Patrobos, Linos, Gaios & Philologos of the 70","Ἑρμᾶ, Πατρόβα, Λίνου, Γαΐου & Φιλολόγου ἐκ τῶν 70"
,2025-11-06,,,"Paul the Confessor, archbishop of Constantinople","Παύλου, ἀρχιεπ. ΚΠόλεως τοῦ ὁμολογητοῦ"
,2025-11-06,,,Paul the Fool-for-Christ,Παύλου τοῦ διὰ Χριστὸν σαλοῦ
,2025-11-07,,,33 Martyrs of Melitini,Τῶν ἐν Μελιτηνῇ 33 μαρτύρων
,2025-11-07,,,Lazaros the Stylite of Mount Galesion,"Λαζάρου στυλίτου, τοῦ Γαλησιώτου"
,2025-11-08,DRS,,7th Sunday of Luke,Ζ΄ Λουκᾶ
,2025-11-08,,,Synaxis of the Holy Archangels Michael and Gabriel and all the Bodiless Powers,Ἡ σύναξις τῶν Ἁγ. Ἀρχαγγέλων Μιχαὴλ καὶ Γαβριὴλ & πασῶν τῶν ἀσωμάτων δυνάμεων
,2025-11-09,,,"Nectarios, bishop of Pentapolis","Νεκταρίου, ἐπ. Πενταπόλεως"
,2025-11-09,,,Ven. Matrona of Constantinople,Ματρώνης ὁσ. τῆς ΚΠόλεως
,2025-11-09,,,Symeon Metaphrastes,Συμεών τοῦ Μεταφραστοῦ
,2025-11-10,,,"Apostles Olympas, Sosipater, Herodion, Erastos & Quartos of the 70","Ὀλυμπᾶ, Σωσιπάτρου, Ῥοδίωνος, Ἐράστου & Κουάρτου ἐκ τῶν 70 ἀποστόλων"
,2025-11-10,,,Ven. Arsenios the Cappadocian,Ἀρσενίου ὁσίου τοῦ Καππαδόκου
,2025-11-11,,,Great-martyr Menas,Μηνᾶ μεγαλομάρτυρος
,2025-11-11,,,"Martyrs Victor, Vincent & Stephanis","Βίκτωρος, Βικεντίου & Στεφανίδος τῶν μαρτύρων"
,2025-11-11,,,Theodore the Studite,Θεοδώρου τοῦ Στουδίτου
,2025-11-12,,,John the Merciful,Ἰωάννου τοῦ Ἐλεήμονος
,2025-11-12,,,Nilos the Myrrhgusher,Νείλου τοῦ μυροβλύτου
,2025-11-12,,,"Martin, bishop of Tours","Μαρτίνου, ἐπισκόπου Ταρακίνης"
,2025-11-13,,,John Chrysostom,Ἰωάννου τοῦ Χρυσοστόμου
,2025-11-13,,,New-martyr Damascene of Constantinople,"Δαμασκηνοῦ τοῦ νεομάρτυρος, ἐκ ΚΠόλεως"
,2025-11-14,,,Apostle Philip,Φιλίππου τοῦ ἀποστόλου
,2025-11-14,,,Gregory Palamas,Γρηγορίου τοῦ Παλαμᾶ
,2025-11-14,,,New-martyr Constantine of Hydra,Κωνσταντίνου νεομάρτυρος τοῦ Ὑδραίου
,2025-11-15,DRS,Feast,8th Sunday of Luke,H΄ Λουκᾶ
,2025-11-15,,Note,Nativity Fast Begins,Ἀρχὴ νηστείας Χριστουγέννων
,2025-11-15,,Saint,"Martyrs Guria, Shamuna & Habib","Γουρία, Σαμωνᾶ & Ἀβίβου τῶν μαρτύρων"
,2025-11-16,,,Apostle Matthew the Evangelist,Ματθαίου τοῦ ἀποστόλου & Εὐαγγελιστοῦ
,2025-11-17,,,"Gregory the Wonder-worker, bishop of Neocaesarea",Γρηγορίου ἐπισκ. Νεοκαισαρείας τοῦ θαυματουργοῦ
,2025-11-18,,,Martyrs Platon & Romanos,Πλάτωνος & Ῥωμανοῦ μαρτύρων
,2025-11-18,,,Martyrs Zacchaios & Alphaeos,Ζακχαίου & Ἀλφαίου μαρτύρων
,2025-11-19,,,Prophet Obadiah,Ἁβδιοὺ τοῦ προφήτου
,2025-11-19,,,Martyr Barlaam,Βαρλαὰμ μάρτυρος
,2025-11-20,,,Gregory of Decapolis,Γρηγορίου τοῦ Δεκαπολίτου
,2025-11-20,,,"Proclos, archbishop of Constantinople","Πρόκλου, ἀρχιεπ. ΚΠόλεως"
,2025-11-20,,,Mart. Nerses & Joseph,Νιρσᾶ & Ἰωσήφ τῶν μαρτ.
,2025-11-21,,,Entry into the Temple of the Most-Holy Theotokos,Τὰ Εἰσόδια τῆς Ὑπεραγίας Θεοτόκου
,2025-11-22,DRS,,9th Sunday of Luke,Θ΄ Λουκᾶ
,2025-11-22,,,"Apostles Philemon, Apphia, Archippos & Onisimos of the 70","Φιλήμονος & Ἀπφίας, Ἀρχίππου, Ὀνησίμου ἐκ τῶν 70 ἀποστόλων"
,2025-11-22,,,Ven. Iakovos of Evia,Ἰακώβου ὁσίου τοῦ ἐν Εὐβοίᾳ
,2025-11-23,,,"Amphilochios, bishop of Iconium","Ἀμφιλοχίου, ἐπισκόπου Ἰκονίου"
,2025-11-23,,,"Gregory, bishop of Agrigentum","Γρηγορίου, ἐπισκ. Ἀκραγαντίνων"
,2025-11-23,,,Prince Alexander Nevsky,"Ἀλεξάνδρου Νέβσκι, πρίγκηπος"
,2025-11-24,,,"Hieromartyrs Clement, pope of Rome and Peter, archbishop of Alexandria","Κλήμεντος Ῥώμης & Πέτρου Ἀλεξανδρείας, ἱερομαρτύρων"
,2025-11-24,,,Hermogenes of Agrigentum,"Ἑρμογένους, ἐπ.  Ἀκραγαντίνων"
,2025-11-25,,,Great-martyr Catherine,Αἰκατερίνης μεγαλομάρτυρος
,2025-11-25,,,Great-martyr Mercurios,Μερκουρίου μεγαλομάρτυρος
,2025-11-26,,,Alypios the Stylite,Ἀλυπίου ὁσίου τοῦ στυλίτου
,2025-11-26,,,"Nikon, preacher of repentance",Νίκωνος τοῦ “Μετανοεῖτε”
,2025-11-26,,,Ven. Stylianos of Paphlagonia,Στυλιανοῦ ὁσ. τοῦ Παφλαγόνος
,2025-11-27,,,Great-martyr James of Persia,Ἰακώβου μεγαλομάρτυρος τοῦ Πέρσου
,2025-11-27,,,Pinuphrios of Egypt,Πινουφρίου τοῦ Αἰγυπτίου
,2025-11-28,,,"Stephen the New, martyr & confessor","Στεφάνου τοῦ νέου, μάρτυρος & ὁμολογητοῦ"
,2025-11-28,,,Martyr Irenarchos,Εἰρηνάρχου μάρτυρος
,2025-11-29,DRS,,13th Sunday of Luke,IΓ΄ Λουκᾶ
,2025-11-29,,,Martyrs Paramonos & Philumenos,Παραμόνου & Φιλουμένου τῶν μαρτύρων
,2025-11-29,,,Pitirim of Egypt,Πιτυροῦν τοῦ Αἰγυπτίου
,2025-11-30,,,Apostle Andrew the First-called,"Ἀνδρέου ἀπ., τοῦ Πρωτοκλήτου"
,2025-11-30,,,"Frumentios, bishop of Abyssinia","Φρουμεντίου, ἐπ. Ἀβησσυνίας"
,2025-12-01,,,Prophet Nahum,Ναοὺμ τοῦ προφήτου
,2025-12-01,,,Philaret the Merciful,Φιλαρέτου τοῦ ἐλεήμονος
,2025-12-02,,,Prophet Habbakuk,Ἀββακοὺμ τοῦ προφήτου
,2025-12-02,,,Martyr Meropi of Chios,Μυρόπης μάρτυρος τῆς ἐν Χίῳ
,2025-12-02,,,Ven. Porphyrios of Kavsokalyvia,Πορφυρίου ὁσίου τοῦ Καυσοκαλυβίτου
,2025-12-03,,,Prophet Zephaniah,Σοφονίου τοῦ προφήτου
,2025-12-03,,,John the Hesychast of St. Sabbas Monastery,Ἰωάννου Ἡσυχαστοῦ τοῦ Σαββαΐτου
,2025-12-04,,,Great-martyr Barbara,Βαρβάρας μεγαλομάρτυρος
,2025-12-04,,,John of Damascus,Ἰωάννου τοῦ Δαμασκηνοῦ
,2025-12-05,,,Ven. Sabbas the Sanctified,Σάββα ὁσίου τοῦ Ἡγιασμένου
,2025-12-05,,,Monks of Karyes (Mt. Athos) martyred by the Latins,"Ὁσιομαρτύρων Καρεωτῶν, τῶν ὑπό λατινοφρόνων μαρτυρησάντων"
,2025-12-06,DRS,,10th Sunday of Luke,I΄ Λουκᾶ
,2025-12-06,,,"Nicholas the Wonder-worker, archbishop of Myra in Lycia","Νικολάου, ἐπισκόπου Μύρων τῆς Λυκίας, τοῦ θαυματουργοῦ"
,2025-12-07,,,"Ambrose, bishop of Milan","Ἀμβροσίου, ἐπισκ. Μεδιολάνων"
,2025-12-07,,,Martyr Athenodoros,Ἀθηνοδώρου μάρτυρος
,2025-12-08,,,"Ap. Sosthenes, Apollos, Tychicos, Cephas, Epaphroditos, Caesar & Onesiphoros of the 70","Σωσθένους, Ἀπολλώ, Τυχικοῦ, Κηφᾶ, Ἐπαφροδίτου, Καίσαρος & Ὀνησιφόρου ἐκ τῶν 70 ἀπ."
,2025-12-09,,,Conception by St. Anna of  the Theotokos,"Ἡ σύλληψις τῆς ἁγ. Ἄννης, μητρὸς τῆς Θεοτόκου"
,2025-12-09,,,Prophetess Hannah,Ἄννης τῆς προφήτιδος
,2025-12-10,,,"Martyrs Menas, Hermogenes & Eugraphos","Μηνᾶ, Ἑρμογένους & Εὐγράφου τῶν μαρτύρων"
,2025-12-10,,,Ven. Thomas Defourkinos,Θωμᾶ ὁσίου Δεφουρκίνου
,2025-12-11,,,Daniel the Stylite,Δανιὴλ τοῦ στυλίτου
,2025-12-11,,,Ven. Leontios,Λεοντίου ὁσίου
,2025-12-12,,,"Spyridon the Wonder-worker, bishop of Trymithus","Σπυρίδωνος, ἐπισκ. Τριμυθοῦντος"
,2025-12-13,DRS,,Sunday of the Holy Ancestors of Christ,Τῶν Ἁγίων Προπατόρων
,2025-12-13,,,Martyr Eustratios & his companions,Εὐστρατίου & τῶν σὺν αὐτῷ μαρτύρων
,2025-12-13,,,Ven. Herman of Alaska,Γερμανοῦ ὁσίου τοῦ ἐν Ἀλάσκᾳ
,2025-12-14,,,"Martyrs Thyrsos, Leukios & Kallinicos","Θύρσου, Λευκίου & Καλλινίκου τῶν μαρτύρων"
,2025-12-15,,,Hieromartyr Eleutherios & his mother Anthia,Ἐλευθερίου ἱερομάρτυρος & τῆς μητρὸς αὐτοῦ Ἀνθίας
,2025-12-15,,,Susanna the deaconess,Σωσάννης τῆς διακόνου
,2025-12-16,,,Prophet Haggai,Ἀγγαίου τοῦ προφήτου
,2025-12-16,,,Empress Theophano,Θεοφανοῦς τῆς Βασιλίσσης
,2025-12-16,,,"Modestos II, patr. of Jerusalem","Μοδέστου Β΄, Πατριάρχου Ἱεροσολύμων"
,2025-12-17,,,Prophet Daniel & Three Youths,Δανιὴλ τοῦ προφήτου & τῶν τριῶν ἁγίων Παίδων
,2025-12-17,,,"Dionysios of Zakynthos, archbishop of Aegina","Διονυσίου, ἀρχιεπισκόπου Αἰγίνης, τοῦ ἐκ Ζακύνθου"
,2025-12-18,,,"Martyrs Sebastian, Zoe & companions","Σεβαστιανοῦ, Ζωῆς & τῶν σὺν αὐτοῖς μαρτύρων"
,2025-12-18,,,"Hierom. Modestos I, archb. of Jerusalem","Μοδέστου Α΄, ἱερομάρτυρος, ἀρχιεπ. Ἱεροσολύμων"
,2025-12-19,,,Matryr Boniface,Βονιφατίου μάρτυρος
,2025-12-19,,,Aglais of Rome,Ἀγλαΐας τῆς Ρωμαίας
,2025-12-20,DRS,,Sunday before Nativity,Πρὸ Χριστοῦ Γεννήσεως
,2025-12-20,,,Hieromartyr Ignatios the Godbearer,Ἰγνατίου τοῦ Θεοφόρου
,2025-12-20,,,John of Kronstadt,Ἰωάννου τῆς Κρoνστάνδης
,2025-12-21,,,Virgin-martyr Juliana,Ἰουλιανῆς παρθενομάρτυρος
,2025-12-21,,,Martyr Themistocles of Myra in Lycia,"Θεμιστοκλέους μάρτυρος, τοῦ ἐν Μύροις τῆς Λυκίας"
,2025-12-22,,,Great-martyr Anastasia the Deliverer from Bonds,"Ἀναστασίας μεγαλομάρτυρος, τῆς Φαρμακολυτρίας"
,2025-12-23,,,Ten martyrs of Crete,Τῶν ἐν Κρήτῃ 10 μαρτύρων
,2025-12-23,,,"Nahum of Ochrid, enlightener of Bulgaria","Ναοὺμ Ἀχρίδος, φωτιστοῦ τῆς Βουλγαρίας"
,2025-12-24,,Saint,Virgin-martyr Eugenia & companions,Εὐγενίας τῆς ὁσιοπαρθενο-μάρτυρος & τῶν σὺν αὐτῇ
,2025-12-24,,Saint,New-martyr Ahmet,Ἀχμὲτ νεομάρτυρος
,2025-12-24,Special,Note,Royal Hours,Μεγάλαι Ὧραι
,2025-12-24,Special,Note,Liturgy of St. Basil,Λειτουργία Μεγ. Βασιλείου
,2025-12-25,,,"Nativity according to the flesh of our Lord, God and Saviour Jesus Christ",Ἡ κατὰ σάρκα Γέννησις τοῦ Κυρίου καὶ Θεοῦ καὶ Σωτῆρος ἡμῶν Ἰησοῦ Χριστοῦ
,2025-12-26,,,Synaxis of the Most Holy Theotokos,Ἡ σύναξις τῆς Ὑπεραγίας Θεοτόκου
,2025-12-27,DRS,,Sunday after Nativity,Μετὰ τὴν Χριστοῦ Γέννησιν
,2025-12-27,,,Archdeacon Stephen the Protomartyr,Στεφάνου τοῦ ἀρχιδιακόνου & Πρωτομάρτυρος
,2025-12-27,,,Theodore Graptus (“the Branded”),Θεοδώρου τοῦ Γραπτοῦ
,2025-12-28,,,"20,000 Martyrs burned at Nicomedia",Τῶν ἐν Νικομηδείᾳ καέντων δισμυρίων μαρτύρων
,2025-12-28,,,Ven. Simon the Myrrhgusher,Σίμωνος τοῦ μυροβλύτου
,2025-12-29,,,"14,000 Infants slain by Herod","Τῶν ἁγίων 14.000 νηπίων, τῶν ὑπὸ Ἡρώδου ἀναιρεθέντων"
,2025-12-29,,,"Ven. Markellos, abbot of the Monastery of the Sleepless Ones",Μαρκέλλου ἡγουμένου τῆς Μονῆς τῶν Ἀκοιμήτων
,2025-12-30,,,Martyr Anysia,Ἀνυσίας ὁσιομάρτυρος
,2025-12-30,,,Monk-martyr Gedeon of Tyrnovo,"Γεδεὼν ὁσιομάρτυρος, τοῦ ἐν Τυρνάβῳ"
,2025-12-31,,,Ven. Melania of Rome,Μελάνης ὁσίας τῆς Ῥωμαίας
,2025-12-31,,,"Hieromartyr Zoticos, feeder of orphans","Ζωτικοῦ ἱερομάρτυρος, τοῦ ὀρφανοτρόφου"