Date,Type,English,Greek
01-01,Feast,Circumcision of Our Lord Jesus Christ,Ἡ Περιτομὴ τοῦ Κυρίου ἡμῶν Ἰησοῦ Χριστοῦ
01-01,Saint,Basil the Great,Βασιλείου τοῦ Μεγάλου
01-01,Saint,"Gregory, bishop of Nazianzus",Γρηγορίου ἐπισκόπου Ναζιανζοῦ
01-01,Note,New Year’s Day,Πρωτοχρονιά
01-02,Saint,"Sylvester, pope of Rome","Σιλβέστρου, πάπα Ρώμης"
01-02,Saint,Seraphim of Sarov,Σεραφείμ τοῦ Σαρὼφ
01-03,Saint,Prophet Malachi,Μαλαχίου προφήτου
01-03,Saint,Martyr Gordios,Γορδίου μάρτυρος
01-03,Saint,Martyr Thomais,Θωμαΐδος μάρτυρος
01-04,Saint,Synaxis of the 70 Apostles,Ἡ σύναξις τῶν 70 ἀποστόλων
01-04,Saint,Ven. Theoktistos,Θεοκτίστου ὁσίου
01-04,Saint,Ven. Nikiphoros the Leper,Νικηφόρου ὁσίου τοῦ Λεπροῦ
01-05,Saint,Martyrs Theopemptos & Theonas,Θεοπέμπτου & Θεωνᾶ μαρτύρων
01-05,Saint,Ven. Synclitiki,Συγκλητικῆς ὁσίας
01-06,Feast,Theophany - The Baptism of Our Lord Jesus Christ,Τὰ Ἅγια Θεοφάνεια - Ἡ Βάπτισις τοῦ Κυρίου ἡμῶν Ἰησοῦ Χριστοῦ
01-06,Note,Blessing of Waters,Ἁγιασμὸς τῶν Ὑδάτων
01-07,Saint,Synaxis of the Forerunner John the Baptist,Ἡ σύναξις τοῦ Προδρόμου & Βαπτιστοῦ Ἰωάννου
01-07,Saint,New Hierom. Romanos,Ρωμανοῦ νεομάρτυρος
01-08,Saint,George the Chozebite,Γεωργίου τοῦ Χοζεβίτου
01-08,Saint,Domnica of Constantinople,Δομνίκης ΚΠόλεως
01-08,Saint,Ven. Agathon,Ἀγάθωνος ὁσίου
01-09,Saint,Martyr Polyeuktos,Πολυεύκτου μάρτυρος
01-09,Saint,Metropolitan Philip of Moscow,"Φιλίππου, μητροπολίτου Μόσχας"
01-10,Saint,Gregory of Nyssa,Γρηγορίου Νύσσης
01-10,Saint,"Dometian, bishop of Melitene","Δομετιανοῦ, ἐπ. Μελιτινῆς"
01-11,Saint,Theodosios the Cenobiarch,Θεοδοσίου τοῦ Κοινοβιάρχου
01-11,Saint,Theodosios of Philotheou Monastery,Θεοδοσίου τῆς Ἱ.Μ. Φιλοθέου
01-12,Saint,Martyr Tatiana of Rome,Τατιανῆς μάρτυρος τῆς Ρωμαίας
01-12,Saint,Theodora of Alexandria,Θεοδώρας Ἀλεξανδρείας
01-13,Saint,Martyrs Hermylos & Stratonicos,Ἑρμύλου & Στρατονίκου τῶν μαρτύρων
01-13,Saint,Maximos the Hut-Burner,Μαξίμου τοῦ Καυσοκαλύβου
01-14,Saint,Holy Fathers slain at Sinai and Raitho,Τῶν ἐν Σινᾷ καί Ραϊθῷ ἀναιρεθέντων ὁσίων πατέρων
01-14,Saint,Nina Equal-to-the-Apostles,Νίνας τῆς ἰσαποστόλου
01-14,Saint,"Savva, archbishop of Serbia","Σάββα, ἀρχιεπισκόπου Σερβίας"
01-15,Saint,Paul of Thebes,Παύλου τοῦ Θηβαίου
01-15,Saint,John the Hut-Dweller,Ἰωάννου τοῦ Καλυβίτου
01-16,Saint,Veneration of the Precious Chains of the Apostle Peter,Προσκύνησις Τιμίας Ἁλύσεως τοῦ ἀποστόλου Πέτρου
01-17,Saint,Anthony the Great,Ἀντωνίου τοῦ Μεγάλου
01-17,Saint,New-martyr George of Ioannina,Γεωργίου νεομάρτυρος τοῦ ἐν Ἰωαννίνοις
01-18,Saint,Patriarchs Athanasios & Cyril of Alexandria,"Ἀθανασίου & Κυρίλλου, Πατρ. Ἀλεξανδρείας"
01-18,Saint,Martyr Theodoula,Θεοδούλης μάρτυρος
01-19,Saint,Macarios the Great of Egypt,Μακαρίου Μεγάλου τοῦ Αἰγυπτίου
01-19,Saint,Mark of Ephesus,Μάρκου Ἐφέσου τοῦ Εὐγενικοῦ
01-19,Saint,Macarios of Alexandria,Μακαρίου Ἀλεξανδρείας
01-20,Saint,Euthymios the Great,Εὐθυμίου τοῦ Μεγάλου
01-20,Saint,Leo the Emperor,Λέοντος τοῦ Βασιλέως
01-21,Saint,Maximos the Confessor,Μαξίμου τοῦ ὁμολογητοῦ
01-21,Saint,Martyrs Neophytos & Agne,Νεοφύτου & Ἁγνῆς μαρτύρων
01-21,Saint,Maximos the Greek,Μαξίμου τοῦ Γραικοῦ
01-22,Saint,Ap. Timothy of the 70,Τιμοθέου ἀποστόλου ἐκ τῶν 70
01-22,Saint,Monk-martyr Anastasios the Persian,Ἀναστασίου ὁσιομάρτυρος τοῦ Πέρσου
01-23,Saint,"Clement, bishop of Ancyra",Κλήμεντος ἐπισκ. Ἀγκύρας
01-23,Saint,Dionysios of Olympus,Διονυσίου τοῦ ἐν Ὀλύμπῳ
01-23,Saint,Martyr Agathangelos,Ἀγαθαγγέλου μάρτυρος
01-24,Saint,Xenia of Rome,Ξένης τῆς Ρωμαίας
01-24,Saint,Hieromartyr Babylas,Βαβύλα ἱερομάρτυρος
01-24,Saint,"Xenia, fool-for-Christ of St. Petersburg",Ξένης τῆς διά Χριστὸν σαλῆς ἐκ τῆς  Ἁγ. Πετρουπόλεως
01-24,Saint,Ven. Fathers of Philotheou,Ὅσ. Πατέρων Ι.Μ. Φιλοθέου
01-25,Saint,Gregory the Theologian,Γρηγορίου τοῦ Θεολόγου
01-25,Saint,Ven. Publius,Πουπλίου ὁσίου
01-26,Saint,"Xenophon, Mary, John & Arcadios","Ξενοφῶντος, Μαρίας, Ἰωάννου & Ἀρκαδίου"
01-26,Saint,Ven. Ammon of Egypt,Ἀμμωνᾶ ὁσίου τοῦ Αἰγυπτίου
01-27,Saint,Translation of the relics of  St. John Chrysostom,Ἀνακομιδὴ τῶν λειψάνων ἁγίου Ἰωάννου τοῦ Χρυσοστόμου
01-27,Saint,Ven. Peter of Egypt,Πέτρου ὁσίου τοῦ Αἰγυπτίου
01-28,Saint,Ephraim the Syrian,Ἐφραίμ τοῦ Σύρου
01-28,Saint,Isaac the Syrian,Ἰσαάκ τοῦ Σύρου
01-28,Saint,Ven. Palladios,Παλλαδίου ὁσίου
01-29,Saint,Translation of the relics of Ignatios the Godbearer,Ἀνακομιδὴ τῶν λειψάνων ἁγίου Ἰγνατίου τοῦ Θεοφόρου
01-29,Saint,Ven. Andrew Rublev,"Ἀνδρέου Ρουμπλιώφ, ὁσίου"
01-30,Saint,Three Hierarchs,Τῶν Τριῶν Ἱεραρχῶν
01-30,Saint,Martyr Chrysi,Χρυσῆς μάρτυρος
01-31,Saint,Unmercenaries Cyros & John,Κύρου & Ἰωάννου τῶν Ἀναργύρων
01-31,Saint,Arsenios of Paros,Ἀρσενίου τοῦ ἐν Πάρῳ
02-01,Saint,Martyr Tryphon,Τρύφωνος μάρτυρος
02-01,Saint,Martyr Perpetua,Περπετούας μάρτυρος
02-02,Feast,Meeting of Our Lord Jesus Christ,Ἡ Ὑπαπαντὴ τοῦ Κυρίου ἡμῶν Ἰησοῦ Χριστοῦ
02-02,Saint,Martyr Agathodoros,Ἀγαθοδώρου μάρτυρος
02-03,Saint,Symeon the Godreceiver,Συμεών τοῦ Θεοδόχου
02-03,Saint,Anna the Prophetess,Ἄννης τῆς προφήτιδος
02-03,Saint,"Nicholas, enlightener of Japan","Νικολάου, φωτιστοῦ Ἰαπωνίας"
02-04,Saint,Ven. Isidore of Pelusium,Ἰσιδώρου ὁσ. τοῦ Πηλουσιώτου
02-04,Saint,Hieromartyr Abramios,Ἀβραμίου ἱερομάρτυρος
02-04,Saint,Nicholas the confessor of the Studion Monastery,Νικολάου ὁμολογητοῦ τοῦ Στουδίτου
02-05,Saint,Martyr Agatha,Ἀγάθης μάρτυρος
02-05,Saint,Ven. Theodosios of Skopelos,Θεοδοσίου ὁσίου τοῦ ἐν Σκοπέλῳ
02-06,Saint,"Photios, patriarch of Constantinople","Φωτίου, Πατριάρχου ΚΠόλεως"
02-06,Saint,Ven. Barsanouphios & John of Gaza,Βαρσανουφίου & Ἰωάννου τῶν ἐν Γάζῃ ὁσίων
02-07,Saint,"Parthenios, bishop of Lampsacos","Παρθενίου, ἐπισκ. Λαμψάκου"
02-07,Saint,1003 Martyrs of Nicomedia,Τῶν ἐν Νικομηδείᾳ 1003 μαρτύρων
02-08,Saint,Great-martyr Theodore the General,"Θεοδώρου τοῦ Στρατηλάτου, τοῦ μεγαλομάρτυρος"
02-08,Saint,Prophet Zachariah,Ζαχαρίου τοῦ προφήτου
02-09,Saint,Martyr Nikiphoros,Νικηφόρου μάρτυρος
02-09,Saint,"Pancratios, bishop of Taormina","Παγκρατίου, ἐπισκόπου Ταυρομενίας"
02-10,Saint,Hierom. Charalampos,Χαραλάμπους ἱερομάρτυρος
02-10,Saint,Ven. Scholastika,Σχολαστικῆς ὁσίας
02-11,Saint,Hieromartyr Blaise of Sebaste,"Βλασίου ἱερομάρτυρος, τοῦ ἐκ Σεβαστείας"
02-11,Saint,Empress Theodora,Θεοδώρας τῆς Αὐγούστης
02-12,Saint,"Meletios, archbishop of Antioch","Μελετίου, ἀρχιεπισκόπου Ἀντιοχείας"
02-12,Saint,New-martyr Christos the Gardener,"Χρήστου νεομάρτυρος, τοῦ κηπουροῦ"
02-13,Saint,Ven. Martinian,Μαρτινιανοῦ ὁσίου
02-13,Saint,Apost. Aquila & Priscilla,Ἀκύλα & Πρισκίλλης τῶν ἀπ.
02-13,Saint,Ven. Symeon the Myrrh-gusher,Συμεών τοῦ μυροβλύτου
02-14,Saint,Ven. Auxentios,Αὐξεντίου ὁσίου
02-14,Saint,Ven. Maron,Μάρωνος ὁσίου
02-14,Saint,Monk-martyr Damianos of Philotheou Monastery,"Δαμιανοῦ ὁσιομάρτυρος, τοῦ Φιλοθεΐτου"
02-15,Saint,Ap. Onisimos of the 70,Ὀνησίμου ἀποστόλου ἐκ τῶν 70
02-15,Saint,Anthimos of Chios,Ἀνθίμου τοῦ ἐν Χίῳ
02-15,Saint,Ven. Evsevios,Εὐσεβίου ὁσίου
02-16,Saint,Martyr Pamphilos & 11 companions,Παμφίλου & τῶν σὺν αὐτῷ 11 μαρτύρων
02-16,Saint,"Flavian, patriarch of Constantinople","Φλαβιανοῦ, Πατρ. ΚΠόλεως"
02-17,Saint,Great-martyr Theodore the Recruit (Tyro),Θεοδώρου Τήρωνος τοῦ μεγαλομάρτυρος
02-18,Saint,"Leo, pope of Rome","Λέοντος, πάπα Ρώμης"
02-18,Saint,"Agapitos, bishop of Synnada","Ἀγαπητοῦ, ἐπισκόπου Σινάου"
02-19,Saint,Apostle Archippos of the 70,Ἀρχίππου ἀποστόλου ἐκ τῶν 70
02-19,Saint,Martyr Philothea of Athens,Φιλοθέης μάρτυρος τῆς Ἀθηναίας
02-20,Saint,"Agathon, pope of Rome","Ἀγάθωνος, πάπα Ρώμης"
02-20,Saint,"Leo, bishop of Catania","Λέοντος, ἐπισκόπου Κατάνης"
02-20,Saint,Ven. Bessarion,Βησσαρίωνος ὁσίου
02-21,Saint,Timothy of Symbola,Τιμοθέου τοῦ ἐν Συμβόλοις
02-21,Saint,"Eustathios, bishop of Antioch","Εὐσταθίου, ἐπ. Ἀντιοχείας"
02-22,Saint,Finding of the relics of Martyrs in Eugenios,Εὕρεσις λειψάνων τῶν ἐν τοῖς Εὺγενίου μαρτύρων
02-23,Saint,"Polycarp, bishop of Smyrna","Πολυκάρπου, ἐπισκ. Σμύρνης"
02-23,Saint,Ven. Gorgonia,Γοργονίας ὁσίας
02-24,Saint,1st & 2nd findings of the Precious Head of St. John the Baptist,Α΄ & Β΄ εὕρεσις τιμίας κεφαλῆς Ἰωάννου τοῦ Προδρόμου
02-25,Saint,"Tarasios, patriarch of Constantinople","Ταρασίου, Πατρ. ΚΠόλεως"
02-26,Saint,"Porphyrios, bishop of Gaza","Πορφυρίου, ἐπ. Γάζης"
02-26,Saint,"Photini, the Samaritan Woman",Φωτεινῆς τῆς Σαμαρείτιδος
02-27,Saint,"Procopios, confessor of Decapolis","Προκοπίου ὁμολ., τοῦ Δεκαπολίτου"
02-27,Saint,Martyr Gelasios the Actor,"Γελασίου μάρτυρος, τοῦ μίμου"
02-27,Saint,Ven. Ephraim of Katounakia,Ἐφραίμ ὁσ. τοῦ Κατουνακιώτου
02-28,Saint,John Cassian the Roman,Ἰωάννου Κασσιανοῦ τοῦ Ρωμαίου
02-28,Saint,Basil the Confessor,Βασιλείου τοῦ ὁμολογητοῦ
03-01,Saint,Martyr Eudokia,Εὐδοκίας ὁσιομάρτυρος
03-01,Saint,David of Wales,Δαβίδ Οὐαλίας
03-02,Saint,Martyr Hesychios,Ἡσυχίου μάρτυρος
03-02,Saint,Martyr Euthalia,Εὐθαλίας μάρτυρος
03-02,Saint,Nicholas Planas,Νικολάου τοῦ Πλανᾶ
03-03,Saint,"Martyrs Eutropios, Cleonicos & Basiliscos","Εὐτροπίου, Κλεονίκου & Βασιλίσκου τῶν μαρτύρων"
03-04,Saint,Gerasimos of the Jordan,Γερασίμου τοῦ Ἰορδανίτου
03-05,Saint,Martyr Conon,Κόνωνος μάρτυρος
03-05,Saint,Mark the Ascetic,Μάρκου τοῦ ἀσκητοῦ
03-05,Saint,New-martyr George of Rapsani,Γεωργίου νεομάρτ. τοῦ ἐν Ραψάνῃ
03-06,Saint,42 Martyrs of Amorion,Τῶν ἐν Ἀμορίῳ 42 μαρτύρων
03-06,Saint,Uncovering of Precious Cross and Nails,Ἀνάμνησις εὑρέσεως τοῦ Τιμίου Σταυροῦ καὶ τῶν Ἥλων
03-07,Saint,"Hieromartyrs Basil, Ephraim & Eugene","Βασιλείου, Ἐφραίμ & Εὐγενίου ἱερομαρτύρων"
03-08,Saint,Apostle Hermas of the 70,Ἑρμοῦ ἀπ. ἐκ τῶν 70
03-09,Saint,40 Martyrs of Sebaste,Τῶν ἐν Σεβαστείᾳ 40 μαρτύρων
03-10,Saint,Martyr Codratos,Κοδράτου μάρτυρος
03-10,Saint,Anastasia the Patrician,Ἀναστασίας τῆς πατρικίας
03-11,Saint,"Sophronios, patriarch of Jerusalem","Σωφρονίου, Πατριάρχου Ἱεροσολύμων"
03-12,Saint,Gregory the Dialogist,"Γρηγορίου τοῦ Διαλόγου, ἐπ. Ρώμης"
03-12,Saint,Symeon the New Theologian,Συμεών τοῦ νέου Θεολόγου
03-13,Saint,"Trans. of relics of St. Nikiphoros, patriarch of Constantinople","Ἀνακομιδὴ λειψάνων ἁγ. Νικηφόρου, Πατριάρχου ΚΠόλεως"
03-14,Saint,Ven. Benedict of Nursia,Βενεδίκτου ὁσίου ἐν Νουρσίᾳ
03-14,Saint,Ven. Euschemon of Lampsacos,Εὺσχημόνου ὁσίου Λαμψάκου
03-15,Saint,Martyr Agapios & his comp.,Ἀγαπίου & τῶν σὺν αὐτῷ μαρτ.
03-15,Saint,Apostle Aristobulos of the 70,Ὰριστοβούλου ἀπ. ἐκ τῶν 70
03-16,Saint,"Martyrs Sabinos, Julian","Σαβίνου, Ἰουλιανοῦ μαρτύρων"
03-16,Saint,Christodoulos of Patmos,Χριστοδούλου τοῦ ἐν Πάτμῳ
03-17,Saint,Alexis the Man of God,Ἀλεξίου ἀνθρώπου τοῦ Θεοῦ
03-17,Saint,"Patrick, enlightener of Ireland","Πατρικίου, φωτιστοῦ Ἰρλανδίας"
03-18,Saint,"Cyril, archbishop of Jerusalem","Κυρίλλου, ἀρχιεπισκόπου Ἱεροσολύμων"
03-18,Saint,Martys Trophimos & Eucarpos,Τροφίμου & Εὐκαρπίωνος τῶν μαρτύρων
03-19,Saint,Martyrs Chrysanthos & Daria,Χρυσάνθου & Δαρείας τῶν μαρτύρων
03-20,Saint,Holy Fathers slain at St. Savva's Monastery,Τῶν ἐν τῇ Μονῇ τοῦ ἁγ. Σάββα ἀναιρεθέντων ὁσίων πατέρων
03-21,Saint,James the Confessor,Ἰακώβου τοῦ ὁμολογητοῦ
03-21,Saint,Ven. Seraphim of Viritsa,Σεραφείμ ὁσ. τῆς Βίριτσα
03-22,Saint,Hieromartyr Basil of Ancyra,"Βασιλείου, ἱερομάρ. Ἄγκυρας"
03-22,Saint,Martyr Drosis,Δροσίδος μάρτυρος
03-23,Saint,Martyr Nikon & his 199 disciples,Νίκωνος ὁσιομάρτυρος & τῶν 199 μαθητῶν αὐτοῦ
03-24,Saint,Artemon of Seleucia,"Ἀρτέμονος, ἐπ. Σελευκείας"
03-24,Saint,Zacharias the Recluse,Ζαχαρίου τοῦ ἐγκλείστου
03-25,Feast,Annunciation of the Theotokos,Ὁ Εὐαγγελισμὸς τῆς Θεοτόκου
03-26,Saint,Synaxis of Archangel Gabriel,Ἡ σύναξις τοῦ Ἀρχαγγέλου Γαβριήλ
03-27,Saint,Martyr Matrona of Thessalonica,"Ματρώνης μάρτυρος, τῆς ἐν Θεσσαλονίκῃ"
03-28,Saint,Ven. Hilarion the New,Ἱλαρίωνος ὁσίου τοῦ νέου
03-28,Saint,Apostle Herodion,Ἡρωδίωνος ἀποστ. ἐκ τῶν 70
03-29,Saint,Hieromartyr Mark of Arethusa,"Μάρκου, ἱερομάρτ. Ἀρεθουσῶν"
03-29,Saint,Diadochos of Photiki,Διαδόχου Φωτικῆς
03-30,Saint,Ven. John of the Ladder,Ἰωάννου ὁσίου τῆς Κλίμακος
03-31,Saint,"Hypatios, bishop of Gangra","Ὑπατίου, ἐπισκόπου Γαγγρῶν"
03-31,Saint,Metropolitan Innocent of Moscow,"Ἰννοκεντίου, μητρ. Μόσχας"
04-01,Saint,Mary of Egypt,Μαρίας ὁσίας τῆς Αἰγυπτίας
04-01,Saint,Barsanouphios of Optina,Βαρσανουφίου τῆς Ὄπτινα
04-02,Saint,Ven. Titus the Wonder-worker,Τίτου ὁσίου τοῦ θαυματουργοῦ
04-02,Saint,Virgin-martyr Theodora,Θεοδώρας παρθενομάρτυρος
04-03,Saint,Nikitas the Confessor,Νικήτα τοῦ ὁμολογητοῦ
04-03,Saint,Joseph the Hymnographer,Ἰωσήφ τοῦ ὑμνογράφου
04-04,Saint,Ven. George of Maleo,Γεωργίου ὁσίου τοῦ ἐν Μαλεῷ
04-04,Saint,Ven. Zosimas,Ζωσιμᾶ ὁσίου
04-05,Saint,Martyr Claudios & his companions,Κλαυδίου μάρτ. & τῶν σὺν αὐτῷ
04-05,Saint,Ven. Theodora of Thessalonica,"Θεοδώρας, ὁσίας τῆς Θεσσαλονίκης"
04-06,Saint,"Eutychios, patriarch of Constantinople","Εὐτυχίου, Πατριάρχου ΚΠόλεως"
04-06,Saint,Gregory of Sinai,Γρηγορίου τοῦ Σιναΐτου
04-07,Saint,Martyr Kalliopios,Καλλιοπίου μάρτυρος
04-07,Saint,Patriarch Tikhon of Moscow,Τύχωνος Πατριάρχου Μόσχας
04-08,Saint,"Apostles Herodion, Agabos, Rufos, Asyncritos, Phlegon & Hermes of the 70","Ἡρωδίωνος, Ἀγάβου, Ρούφου, Ἀσυγκρίτου, Φλέγοντος & Ἑρμοῦ ἐκ τῶν 70 ἀπ."
04-09,Saint,Martyr Eupsychios of Caesarea,Εὐψυχίου μάρτυρος
04-09,Saint,Martyr Vadim & 7 disciples,Βαδίμου ὁσιομάρτυρος & τῶν σὺν αὐτῷ ἑπτὰ μαθητῶν
04-10,Saint,"Martyrs Terence, Pompeios & their companions","Τερεντίου, Πομπηΐου & τῶν σὺν αὐτοῖς μαρτύρων"
04-11,Saint,Hieromartyr Antipas,Ἀντίπα ἱερομάρτυρος
04-11,Saint,Hieromartyr Domninos,Δομνίνου ἱερομάρτυρος
04-12,Saint,Basil the Confessor,Βασιλείου τοῦ ὁμολογητοῦ
04-12,Saint,Anthousa of Constantinople,Ἀνθούσης ΚΠόλεως
04-13,Saint,"Martin the Confessor, pope of Rome","Μαρτίνου πάπα Ρώμης, τοῦ ὁμολογητοῦ"
04-14,Saint,"Apostles Aristarchos, Pudens & Trophimos of the 70","Ἀριστάρχου, Πούδη & Τροφίμου ἐκ τῶν 70 ἀποστόλων"
04-15,Saint,Martyr Crescens,Κρήσκεντος μάρτυρος
04-15,Saint,"Leonidas, bishop of Athens","Λεωνίδου, ἐπισκόπου Ἀθηνῶν"
04-16,Saint,"Martyrs Agape, Irene & Chionia","Ἀγάπης, Εἰρήνης & Χιονίας τῶν μαρτύρων"
04-17,Saint,Hieromartyr Symeon of Persia & his companions,"Συμεὼν ἱερομ., ἐπισκόπου Περσίας & τῶν σὺν αὐτῷ"
04-18,Saint,Ven. John the Hesychast,Ἰωάννου τοῦ Ἡσυχαστοῦ
04-18,Saint,Martyr Savva the Goth,Σάββα στρατηλάτου τοῦ Γότθου
04-18,Saint,Ven. Athanasia of Aigina,Ἀθανασίας ὁσίας τῆς Αἰγίνης
04-19,Saint,Hieromartyr Paphnutios,Παφνουτίου ἱερομάρτυρος
04-19,Saint,Martyr Theodore and his companios,Θεοδώρου μάρτυρος & τῶν σὺν αὐτῷ
04-20,Saint,Theodore Trichinas (of the Hair-shirt),Θεοδώρου τοῦ Τριχινᾶ
04-20,Saint,Apostle Zacchaios of the 70,Ζακχαίου ἀπ. ἐκ τῶν 70
04-21,Saint,Hieromartyr Januarios,Ἰανουαρίου ἱερομάρτυρος
04-21,Saint,Ven. Anastasios of Sinai,Ἀναστασίου ὁσίου τοῦ Σιναΐτου
04-21,Saint,Martyr Alexandra the Empress,"Ἀλεξάνδρας μαρτ., Βασιλίσσης"
04-22,Saint,Apostle Nathaniel,Ναθαναὴλ τοῦ ἀποστόλου
04-22,Saint,Theodore the Sykeot,Θεοδώρου τοῦ Συκεώτου
04-23,Saint,Great-martyr George,Γεωργίου μεγαλομάρτυρος
04-23,Saint,Martyrs Anatolios & Protoleon,Ἀνατολίου & Πρωτολέοντος τῶν μαρτύρων
04-24,Saint,Elizabeth the Wonder-worker,Ἐλισάβετ τῆς θαυματουργοῦ
04-24,Saint,"Thomas, fool-for-Christ of Syria",Θωμᾶ τοῦ διὰ Χριστὸν σαλοῦ
04-25,Saint,Apostle & Evangelist Mark,Μάρκου τοῦ ἀποστόλου & Εὐαγγελιστοῦ
04-25,Saint,"Macedonios, patriarch of Constantinople","Μακεδονίου, Πατρ. ΚΠόλεως"
04-26,Saint,"Hieromartyr Basil, bishop of Amasea","Βασιλέως ἱερομ., ἐπ. Ἀμασείας"
04-26,Saint,Glaphyra of Nicomedia,Γλαφύρας τῆς Νικομηδείας
04-27,Saint,"Hieromartyr Symeon, bishop of Jerusalem, Kinsman of the Lord","Συμεὼν ἱερομάρτυρος τοῦ ἀδελφοθέου, ἐπ. Ἱεροσολύμων"
04-28,Saint,Nine Martyrs of Cyzicos,Τῶν ἐν Κυζίκῳ 9 μαρτύρων
04-28,Saint,"Auxibios, bishop of Soli in Cyprus","Αὐξιβίου, ἐπ. Σόλων Κύπρου"
04-29,Saint,Apostles Jason and Sosipater of the 70,"Ἰάσωνος & Σωσιπάτρου, ἐκ τῶν 70 ἀποστόλων"
04-29,Saint,Metr. Basil of Ostrog,"Βασιλείου, μητροπ. Ὀστρόγκ"
04-30,Saint,"Apostle James, brother of St. John the Theologian","Ἰακώβου ἀποστόλου, ἀδελφοῦ Ἰωάννου τοῦ Θεολόγου"
05-01,Saint,Prophet Jeremiah,Ἱερεμίου τοῦ προφήτου
05-01,Saint,"Tamara, Queen of Georgia","Ταμάρας, βασιλίσσης Γεωργίας"
05-01,Saint,Ven. Isidora,Ἰσιδώρας ὁσίας
05-02,Saint,Translation of the relics of Athanasios the Great,Ἀνακομιδὴ τῶν λειψάνων Ἀθανασίου τοῦ Μεγάλου
05-02,Saint,Matrona of Moscow,Ματρώνης τῆς Μόσχας
05-03,Saint,Martyrs Timothy & Maura,Τιμοθέου & Μαύρας μαρτύρων
05-03,Saint,"Peter, bishop of Argos","Πέτρου, ἀρχιεπισκόπου Ἄργους"
05-04,Saint,Virgin-martyr Pelagia,Πελαγίας παρθενομάρτυρος
05-04,Saint,Ven. Nikiphoros of Medikion,"Νικηφόρου ὁσίου, τοῦ Μηδικίου"
05-05,Saint,Great Virgin-martyr Irene,Εἰρήνης μεγαλομάρτυρος
05-05,Saint,New Monk-martyr Ephraim of Nea Makri,Ἐφραίμ μεγαλομάρτυρος τοῦ νέου
05-06,Saint,Righteous Job the Much-Suffering,Ἰὼβ τοῦ δικαίου καὶ πολυάθλου
05-06,Saint,Ven. Seraphim of Mt. Dombos,Σεραφεὶμ ὁσίου τοῦ ἐν Δομβῷ
05-07,Saint,Commemoration of the apparition of the Sign of the Cross over Jerusalem,Ἀνάμνησις τοῦ ἐν τῷ οὐρανῷ τῆς Ἱερουσαλὴμ φανέντος σημείου τοῦ Τιμίου Σταυροῦ
05-08,Saint,Evangelist John the Theologian,Ἰωάννου τοῦ Θεολόγου & Εὐαγγελιστοῦ
05-08,Saint,Arsenios the Great,Ἀρσενίου τοῦ Μεγάλου
05-09,Saint,Prophet Isaiah,Ἡσαΐου τοῦ προφήτου
05-09,Saint,Great-martyr Christopher,Χριστοφόρου μεγαλομάρτυρος
05-10,Saint,Ap. Simon the Zealot,Σίμωνος ἀποστόλου τοῦ Ζηλωτοῦ
05-10,Saint,Ven. Laurence,Λαυρεντίου ὁσίου
05-11,Saint,Hieromartyr Mokios,Μωκίου ἱερομάρτυρος
05-11,Saint,"Cyril and Methodios, Apostles to the Slavs","Κυρίλλου & Μεθοδίου, φωτιστῶν τῶν Σλάβων"
05-12,Saint,"Epiphanios, bishop of Cyprus","Ἐπιφανίου, ἐπισκόπου Κύπρου"
05-12,Saint,"Germanos, patriarch of Constantinople","Γερμανοῦ, Πατρ. ΚΠόλεως"
05-13,Saint,Virgin-martyr Glykeria,Γλυκερίας παρθενομάρτυρος
05-13,Saint,Sergios the Confessor,Σεργίου τοῦ ὁμολογητοῦ
05-14,Saint,Hieromartyr Therapon,Θεράποντος ἱερομάρτυρος
05-14,Saint,Martyr Isidore of Chios,Ἰσιδώρου μάρτυρος τοῦ ἐν Χίῳ
05-15,Saint,Pachomios the Great,Παχωμίου τοῦ Μεγάλου
05-15,Saint,"Achillios, archbishop of Larissa","Ἀχιλλίου, ἀρχιεπ. Λαρίσης"
05-16,Saint,Theodore the Sanctified,Θεοδώρου τοῦ ἡγιασμένου
05-16,Saint,"Alexander, archbishop  of Jerusalem","Ἀλεξάνδρου, άρχιεπισκόπου Ἱεροσολύμων"
05-17,Saint,Apostles Andronicos & Junia of the 70,Ἀνδρονίκου & Ἰουνίας ἐκ τῶν 70 ἀποστόλων
05-18,Saint,Martyr Peter & his companions,Πέτρου & τῶν σὺν αὐτῷ μαρτύρων
05-18,Saint,Martyr Theodotos & his companions,Θεοδότου & τῶν σὺν αὐτῷ μαρτύρων
05-19,Saint,Hieromartyr Patrick of Prusa & his companions,Πατρικίου ἱερομάρτυρος Προύσης & τῶν σὺν αὐτῷ μαρτύρων
05-20,Saint,Martyr Thalelaeos & his companions,Θαλλελαίου μάρτυρος & τῶν σὺν αὐτῷ
05-20,Saint,Translation of relics of St. Nicholas the Wonderworker,Ἀνακομιδὴ τῶν λειψάνων τοῦ Ἁγ. Νικολάου τοῦ θαυματουργοῦ
05-21,Saint,"Great Sovereigns Constantine & Helen, Equals-to-the-Apostles",Κωνσταντίνου & Ἑλένης τῶν μεγάλων Βασιλέων & ἰσαποστόλων
05-22,Saint,Martyr Basiliscos,Βασιλίσκου μάρτυρος
05-22,Saint,Commemoration of the Fathers of the 2nd Ecumenical Council,Μνήμη τῶν Πατέρων τῆς Β΄ Οἰκουμενικῆς Συνόδου
05-23,Saint,"Michael the Confessor, bishop of Synnada","Μιχαὴλ ὁμολογητοῦ, ἐπ. Συννάδων"
05-23,Saint,Myrrh-bearer Mary of Cleopas,Μαρίας μυροφόρου τοῦ Κλωπᾶ
05-24,Saint,Ven. Symeon Stylite of the Wondrous Mountain,Συμεὼν ὁσ. τοῦ Θαυμαστορείτου
05-24,Saint,Ven. Vincent of Lerins,"Βικεντίου ὁσ., τῆς Λερένης"
05-25,Saint,3rd Finding of the Precious Head of St. John the Baptist,Γ΄ εὕρεσις τῆς τιμίας κεφαλῆς Ἰωάννου τοῦ Προδρόμου
05-26,Saint,Apostles Carpos & Alphaeos of the 70,Κάρπου & Ἀλφαίου ἀποστόλων ἐκ τῶν 70
05-27,Saint,"John the Russian, the Confessor",Ἰωάννου ὁμολογητοῦ τοῦ Ρώσσου
05-27,Saint,Hieromartyr Helladios,Ἑλλαδίου ἱερομάρτυρος
05-28,Saint,"Hieromartyr Eutyches, bishop of Melitene","Εὐτυχοῦς ἱερομάρτυρος, ἐπισκ. Μελιτηνῆς"
05-28,Saint,Andrew the fool-for-Christ,Ἀνδρέου τοῦ διὰ Χριστὸν σαλοῦ
05-29,Saint,Virgin-martyr Theodosia,Θεοδοσίας παρθενομάρτυρος
05-29,Saint,Ven. Ypomoni,Ὑπομονῆς ὁσίας
05-30,Saint,Ven. Isaakios of Constantinople,Ἰσαακίου ὁσίου ΚΠόλεως
05-30,Saint,"Emmelia, mother of St. Basil the Great","Ἐμμελείας, μητρὸς τοῦ Μεγ. Βασιλείου"
05-31,Saint,Martyr Hermias,Ἑρμείου μάρτυρος
05-31,Saint,Five martyrs of Ascalon,Τῶν ἐν Ἀσκάλωνι 5 μαρτύρων
06-01,Saint,Martyr Justin the Philosopher,Ἰουστίνου τοῦ φιλοσόφου & μάρτυρος
06-01,Saint,Ven. Agapitos of Kiev,Ἀγαπητοῦ ὁσίου τοῦ Κιέβου
06-02,Saint,"Nikiphoros, patriarch of Constantinople","Νικηφόρου, Πατρ. ΚΠόλεως"
06-02,Saint,Hieromartyr Erasmos,Ἐράσμου ἱερομάρτυρος
06-03,Saint,Martyr Lucillian and his companions & Paula the Virgin,Λουκιλλιανοῦ & τῶν σὺν αὐτῷ μαρτύρων & Παύλης τῆς παρθένου
06-04,Saint,"Metrophanis, patriarch of Constantinople","Μητροφάνους, Πατρ. ΚΠόλεως"
06-04,Saint,"Martha & Mary, sisters of Lazaros","Μάρθας & Μαρίας, ἀδελφῶν τοῦ Λαζάρου"
06-05,Saint,"Hieromartyr Dorotheos, bishop of Tyre","Δωροθέου ἱερομάρ., ἐπ. Τύρου"
06-05,Saint,Martyr Nicander,Νικάνδρου μάρτυρος
06-06,Saint,Ven. Ilarion of Dalmatian Monastery,Ἱλαρίωνος ὁσίου Μ. Δαλμάτων
06-06,Saint,Martyr Gelasios,Γελασίου μάρτυρος
06-07,Saint,Hieromartyr Theodotos of Ancyra,Θεοδότου ἱερομάρτυρος Ἀγκύρας
06-07,Saint,Martyr Zenaida,Ζηναΐδος μάρτυρος
06-08,Saint,Translation of the relics of Great-martyr Theodore the General,Ἀνακομιδὴ τῶν λειψάνων Θεοδώρου τοῦ Στρατηλάτου
06-08,Saint,Martyr Kalliopi,Καλλιόπης μάρτυρος
06-09,Saint,"Cyril, archbishop of Alexandria","Κυρίλλου, ἀρχιεπ. Ἀλεξανδρείας"
06-09,Saint,Virgin-martyrs Thekla & 4 companions,Θέκλης & 4 παρθενομαρτύρων
06-10,Saint,Martyrs Alexander & Antonina,Ἀλεξάνδρου & Ἀντωνίνης τῶν μαρτύρων
06-10,Saint,Ven. Theophanis & Pansemni,Θεοφάνους & Πανσέμνης ὁσίων
06-11,Saint,Ap. Bartholomew & Barnabas,Βαρθολομαίου & Βαρνάβα ἀπ.
06-11,Saint,Icon of the Theotokos “It Is Meet”,Εἰκόνος τῆς Παναγίας τοῦ “Ἄξιόν ἐστιν”
06-11,Saint,"Luke, archb. of Simferopol","Λουκᾶ, ἀρχιεπ. Συμφερουπόλεως"
06-12,Saint,Onuphrios the Great,Ὀνουφρίου τοῦ Μεγάλου
06-12,Saint,Ven. Peter of Mt. Athos,Πέτρου ὁσίου τοῦ Ἀθωνίτου
06-13,Saint,Martyr Aquilina,Ἀκυλίνης μάρτυρος
06-13,Saint,"Antipater, bishop of Bostra","Ἀντιπάτρου, ἐπισκόπου Βόστρων"
06-14,Saint,Prophet Elisha,Ἐλισσαίου τοῦ προφήτου
06-14,Saint,"Methodios, patriarch of Constantinople",Μεθοδίου Πατρ. ΚΠόλεως
06-15,Saint,Prophet Amos,Ἀμὼς τοῦ προφήτου
06-15,Saint,Augustine & his mother Monica,Αὐγουστίνου ἐπ. Ἱππῶνος & Μονίκης τῆς μητρὸς αὐτοῦ
06-15,Saint,Ven. Jerome of Stridon,Ἱερωνύμου ὁσίου τοῦ ἐν Στριδώνι
06-16,Saint,"Tikhon, bishop of Amathus of Cyprus","Τύχωνος, ἐπισκόπου Ἀμαθοῦντος τῆς Κύπρου"
06-17,Saint,"Martyrs Manuel, Sabel & Ismael","Μανουήλ, Σαβὲλ & Ἰσμαὴλ τῶν μαρτύρων"
06-18,Saint,"Martyrs Leontios, Hypatios & Theodulos","Λεοντίου, Ὑπατίου & Θεοδούλου τῶν μαρτύρων"
06-19,Saint,"Apostle Jude, the Lord’s brother",Ἰούδα ἀποστόλου τοῦ ἀδελφοθέου
06-19,Saint,Paisios the Great,Παϊσίου τοῦ Μεγάλου
06-20,Saint,Hieromartyr Methodios of Patara,Μεθοδίου ἱερομάρτ. Πατάρων
06-20,Saint,Nicholas Cabasilas,Νικολάου τοῦ Καβάσιλα
06-21,Saint,Martyr Julian of Tarsus,"Ἰουλιανοῦ μάρτ., τοῦ Ταρσέως"
06-21,Saint,"Hierom. Terence, bishop of Iconium","Τερεντίου ἱερομάρτυρος, ἐπισκόπου Ἰκονίου"
06-22,Saint,Hieromartyr Eusebios of Samosata,Εὐσεβίου ἱερομ. Σαμοσάτων
06-22,Saint,Martyrs Zeno & Zenas,Ζήνωνος & Ζηνᾶ τῶν μαρτύρων
06-23,Saint,Virgin-martyr Agrippina,Ἀγριππίνης μάρτυρος
06-23,Saint,Vladimir Icon of the Theotokos,Εἰκόνος τῆς Παναγίας “τοῦ Βλαδιμήρ”
06-24,Saint,Nativity of John the Baptist & Forerunner,Γενέσιον Ἰωάννου τοῦ Προδρόμου & Βαπτιστοῦ
06-25,Saint,Virgin-martyr Fevronia,Φεβρωνίας παρθενομάρτυρος
06-25,Saint,Ven. Dionysios & Dometios of Mt. Athos,"Διονυσίου & Δομετίου ὁσίων, τῶν ἐν Ἄθῳ"
06-26,Saint,Ven. David of Thessalonica,Δαβίδ ὁσίου τοῦ ἐν Θεσσαλονίκῃ
06-26,Saint,"John, bishop of Gotthia","Ἰωάννου, ἐπισκόπου Γοτθίας"
06-27,Saint,Ven. Sampson the Hospitable,Σαμψὼν ὁσίου τοῦ Ξενοδόχου
06-27,Saint,Joanna the Myrrh-bearer,Ἰωάννας τῆς μυροφόρου
06-28,Saint,Finding of the relics of Unmercenaries Cyrus & John,Ἀνακομιδὴ λειψάνων Κύρου & Ἰωάννου τῶν Ἀναργύρων
06-29,Saint,Apostles Peter & Paul,Πέτρου & Παύλου τῶν Πρωτοκορυφαίων Ἀποστόλων
06-30,Saint,Synaxis of the 12 Apostles,Ἡ σύναξις τῶν 12 Ἀποστόλων
07-01,Saint,Unmercenaries Cosmas & Damian,Κοσμᾶ & Δαμιανοῦ τῶν Ἀναργύρων
07-02,Saint,Placing of Precious Robe of Theotokos in Blachernae,Κατάθεσις τῆς Τιμίας Ἐσθῆτος τῆς Θεοτόκου ἐν Βλαχέρναις
07-02,Saint,"John Maximovitch, archb. of San Francisco","Ἰωάννου Μαξίμοβιτς, ἀρχιεπ. Σὰν Φραντσίσκο"
07-03,Saint,Martyr Hyacinth,Ὑακίνθου μάρτυρος
07-03,Saint,"Anatolios, patriarch of Constantinople","Ἀνατολίου, Πατρ. ΚΠόλεως"
07-04,Saint,"Andrew, archbishop of Crete","Ἀνδρέου, ἀρχιεπισκόπου Κρήτης"
07-04,Saint,"Hieromartyr Theodore, bishop of Cyrene","Θεοδώρου ἱερομ., ἐπ. Κυρήνης"
07-05,Saint,Athanasios of Athos,Ἀθανασίου τοῦ Ἀθωνίτου
07-05,Saint,Ven. Lampados,Λαμπαδοῦ ὁσίου
07-06,Saint,Sisoes the Great,Σισώη τοῦ Μεγάλου
07-06,Saint,Virgin-martyr Lucia,Λουκίας τῆς παρθενομάρτυρος
07-07,Saint,Great-martyr Kyriaki,Κυριακῆς μεγαλομάρτυρος
07-07,Saint,Ven. Thomas of Mt. Maleon,Θωμᾶ ὁσίου τοῦ ἐν Μαλεῷ
07-08,Saint,Great-martyr Procopios,Προκοπίου μεγαλομάρτυρος
07-08,Saint,Ven. Theophilos the Myrrhgusher of Mt. Athos,"Θεοφίλου μυροβλύτου, τοῦ Ἀθωνίτου"
07-09,Saint,Hieromartyr Pancratios of Taormina,"Παγκρατίου ἱερομάρτυρος, ἐπισκόπου Ταυρομενίας"
07-10,Saint,45 Martyrs of Nicopolis in Armenia,Τῶν ἐν Νικοπόλει τῆς Ἀρμενίας 45 μαρτύρων
07-10,Saint,Anthony of Kiev Caves,Ἀντωνίου τῶν Σπηλαίων Κιέβου
07-11,Saint,Great-martyr Euphemia,Εὐφημίας μεγαλομάρτυρος
07-11,Saint,"Princess Olga, Equal-to-the-Apostles",Ὄλγας Βασιλίσσης τῆς ἰσαποστ.
07-11,Saint,Ven. Sophrony of Essex,Σωφρονίου ὁσίου τοῦ Ἔσσεξ
07-12,Saint,Martyrs Proclos & Hilary,Πρόκλου & Ἱλαρίου μαρτύρων
07-12,Saint,"Veronica, woman with the issue of blood",Βερονίκης τῆς αἱμορροούσης
07-12,Saint,Ven. Paisios of Mt. Athos,Παϊσίου ὁσίου τοῦ Ἀθωνίτου
07-13,Saint,Synaxis of the Archangel Gabriel,Ἡ σύναξις Ἀρχαγγέλου Γαβριὴλ
07-13,Saint,Ven. Stephen of St. Savva’s Monastery,Στεφάνου ὁσίου τοῦ Σαββαΐτου
07-14,Saint,Apostle Aquila of the 70,Ἀκύλα ἀποστόλου ἐκ τῶν 70
07-14,Saint,Ven. Nikodemos of Mt. Athos,Νικοδήμου ὁσίου τοῦ Ἁγιορείτου
07-15,Saint,Martyrs Kyricos & Julitta,Κηρύκου & Ἰουλίττης μαρτύρων
07-15,Saint,"Prince Vladimir, Eq.-to-the-Apostles","Βλαδιμήρου πρίγκηπος τῆς Ρωσσίας, τοῦ ἰσαποστόλου"
07-16,Saint,Hierom. Athenogenes & his disciples,Ἀθηνογένους ἱερομάρτυρος & τῶν σὺν αὐτῷ
07-17,Saint,Great-martyr Marina,Μαρίνης μεγαλομάρτυρος
07-17,Saint,Royal Martyrs of Russia,Τῶν Βασιλομαρτύρων τῆς Ρωσσίας
07-18,Saint,Martyr Emilian,Αἰμιλιανοῦ μάρτυρος
07-18,Saint,Ven. Pambo,Παμβὼ τοῦ ὁσίου
07-18,Saint,Martyrs Grand Duchess Elizabeth & Nun Barbara,Ἐλισάβετ τῆς Μεγάλης Δουκίσσης & Βαρβάρας μοναχῆς τῶν μαρτύρων
07-19,Saint,"Ven. Macrina, sister of St. Basil the Great","Μακρίνης ὁσίας, ἀδελφῆς τοῦ Μεγάλου Βασιλείου"
07-19,Saint,Translation of the relics of St. Seraphim of Sarov,Ἀνακ. λειψ. Σεραφεὶμ τοῦ Σαρώφ
07-20,Saint,Prophet Elijah,Ἠλιοὺ προφήτου τοῦ Θεσβίτου
07-21,Saint,Ven. Symeon fool-for-Christ & John,Συμεὼν τοῦ διὰ Χριστὸν σαλοῦ & Ἰωάννου τῶν ὁσίων
07-21,Saint,Ven. Onuphrios of Kiev Caves,Ὀνουφρίου ὁσίου τῶν Σπηλαίων τοῦ Κιέβου
07-22,Saint,"Myrrh-bearer Mary Magdalene, Equal-to-the-Apostles","Μαρίας τῆς Mαγδαληνῆς, μυροφόρου & ἰσαποστόλου"
07-22,Saint,Virgin-martyr Markella,Μαρκέλλης παρθενομάρτυρος
07-23,Saint,Trans. of the relics of hieromartyr Phocas,Ἀνακ. λειψ. Φωκᾶ ἱερομάρτυρος
07-23,Saint,Prophet Ezekiel,Ἰεζεκιὴλ τοῦ προφήτου
07-24,Saint,Great-martyr Christina,Χριστίνης μεγαλομάρτυρος
07-24,Saint,Passionbearers Boris & Gleb,"Βόριδος & Γκλέμπ ἀθλοφόρων, τῶν Ρώσσων"
07-25,Saint,"Dormition of St. Anna, mother of the Theotokos","Κοίμησις τῆς Ἁγ. Ἄννης, μητρὸς τῆς Θεοτόκου"
07-25,Saint,Olympiada the Deaconess,Ὀλυμπιάδος τῆς διακόνου
07-25,Saint,Ven. Efpraxia,Εὐπραξίας ὁσίας
07-26,Saint,Hierom. Hermolaos & his companions,Ἑρμολάου ἱερομάρτυρος & τῶν σὺν αὐτῷ
07-26,Saint,Martyr Paraskevi,Παρασκευῆς ὁσιομάρτυρος
07-27,Saint,Great-martyr & healer Panteleimon,Παντελεήμονος μεγαλομάρτυρος & ἰαματικοῦ
07-27,Saint,Ven. Anthousa the Confessor,Ἀνθούσης ὁσ. τῆς ὁμολογητρίας
07-28,Saint,"Prochoros, Nicanor, Timon & Parmenas, Deacons & Apostles of the 70","Προχόρου, Νικάνορος, Τίμωνος,  Παρμενᾶ, τῶν διακόνων & ἀποστόλων ἐκ τῶν 70"
07-28,Saint,Irene of Chrysovalantou,Εἰρήνης Χρυσοβαλάντου
07-29,Saint,Martyr Kallinikos,Καλλινίκου μάρτυρος
07-29,Saint,Martyr Theodota & her three sons,Θεοδότης μάρτυρος & τῶν τριῶν τέκνων αὐτῆς
07-30,Saint,"Apostles Silas, Silouanos, Crescens, Epenetos & Andronikos of the 70","Σίλα, Σιλουανοῦ, Κρήσκεντος, Ἐπαινετοῦ & Ἀνδρονίκου ἐκ τῶν 70 ἀπ."
07-31,Saint,Righteous Evdokimos,Εὐδοκίμου τοῦ δικαίου
07-31,Saint,Joseph of Arimathea,Ἰωσὴφ τοῦ ἀπὸ Ἀριμαθαίας
08-01,Note,Dormition Fast Begins,Ἀρχὴ νηστείας τοῦ Δεκαπενταυγούστου
08-01,Saint,Procession of the Precious Cross,Πρόοδος τοῦ Τιμίου Σταυροῦ
08-01,Saint,Seven Maccabees,Τῶν ἑπτὰ παίδων τῶν Μακκαβαίων
08-02,Saint,Translation of the relics of Protomartyr Stephen,Ἀνακομιδὴ τῶν λειψάνων τοῦ πρωτομάρτυρος Στεφάνου
08-03,Saint,"Ven. Isaac, Dalmatos & Faustos","Δαλμάτου, Φαύστου & Ἰσαακίου τῶν ὁσίων"
08-03,Saint,Myrrh-bearer Salome,Σαλώμης τῆς Μυροφόρου
08-03,Saint,Ven. Theodora of Thessalonica,Θεοδώρας ὁσίας τῆς ἐν Θεσσαλονίκῃ
08-04,Saint,Seven Youths of Ephesus,Τῶν ἐν Ἐφέσῳ ἑπτὰ παίδων
08-04,Saint,Martyr Evdokia,Εὐδοκίας ὁσιομάρτυρος
08-05,Saint,Martyr Evsignios,Εὐσιγνίου μάρτυρος
08-05,Saint,"Righteous Nonna, mother of St. Gregory the Theologian","Νόννης, μητρὸς Γρηγορίου τοῦ Θεολόγου"
08-06,Feast,Transfiguration of Our Savior,Ἡ Μεταμόρφωσις τοῦ Σωτῆρος ἡμῶν Ἰησοῦ Χριστοῦ
08-07,Saint,Hieromartyr Dometios the Persian,Δομετίου ὁσιομάρτυρος τοῦ Πέρσου
08-07,Saint,Nicanor the Wonderworker,Νικάνορος τοῦ Θαυματουργοῦ
08-08,Saint,"Emilian, bishop of Cyzicos","Αἰμιλιανοῦ, ἐπισκόπου Κυζίκου"
08-08,Saint,"Myron, bishop of Crete","Μύρωνος, ἐπισκόπου Κρήτης"
08-08,Saint,New-martyr Triandafyllos of Zagora,Τριανταφύλλου νεομάρτυρος Ζαγορᾶς
08-09,Saint,Apostle Matthias,Ματθίου τοῦ ἀποστόλου
08-09,Saint,Ven. Psoes of Egypt,Ψόη ὁσίου τοῦ Αἰγυπτίου
08-10,Saint,Hieromartyrs Archdeacon Lawrence & Sixtus pope of Rome,"Λαυρεντίου ἀρχιδιακόνου & Ξύστου πάπα Ρώμης, τῶν ἱερομαρτύρων"
08-11,Saint,Martyr Euplos the Deacon,Εὔπλου μάρτυρος τοῦ διακόνου
08-11,Saint,"Niphon, patriarch of Constantinople","Νήφωνος, Πατρ. ΚΠόλεως"
08-12,Saint,Martyrs Photios & Anikitos,Φωτίου & Ἀνικήτου μαρτύρων
08-12,Saint,Ven. Palamon of Egypt,Παλάμωνος ὁσ. τοῦ Αἰγυπτίου
08-13,Saint,Maximos the Confessor,Μαξίμου τοῦ ὁμολογητοῦ
08-13,Saint,Dorotheos & Dositheos of Gaza,Δωροθέου & Δοσιθέου Γάζης
08-13,Saint,Tikhon of Zadonsk,Τύχωνος τοῦ Ζαντόνσκ
08-14,Saint,Prophet Micah,Μιχαίου τοῦ προφήτου
08-14,Saint,Hieromartyr Markellos of Apamea,"Μαρκέλλου ἱερομάρτυρος, ἐπισκόπου Ἀπαμείας"
08-15,Feast,Dormition of the Most Holy Theotokos,Ἡ Κοίμησις τῆς Ὑπεραγίας Θεοτόκου
08-16,Saint,Icon of Our Lord Not-Made-By-Hands,Τοῦ Ἁγίου Μανδηλίου
08-16,Saint,Martyr Diomedis the Healer,Διομήδους μάρτ. τοῦ ἰαματικοῦ
08-16,Saint,Ven. Joseph the Hesychast,Ἰωσήφ ὁσίου τοῦ Ἡσυχαστοῦ
08-17,Saint,Hieromartyr Myron,Μύρωνος ἱερομάρτυρος
08-17,Saint,Martyrs Paul & Julianna,Παύλου & Ἰουλιανῆς μαρτύρων
08-18,Saint,Martyrs Floros & Lauros,Φλώρου & Λαύρου μαρτύρων
08-18,Saint,Ven. John of Rila,Ἰωάννου ὁσίου τῆς Ρίλας
08-19,Saint,"Great-martyr Andrew the Commander & the 2,593 soldiers with him",Ἀνδρέου τοῦ στρατηλάτου & τῶν σὺν αὐτῷ 2.593 μαρτύρων
08-20,Saint,Prophet Samuel,Σαμουὴλ τοῦ προφήτου
08-20,Saint,"Martyr Lucios, the Senator of Cyprus","Λουκίου μάρτυρος, τοῦ βουλευτοῦ Κύπρου"
08-21,Saint,Apostle Thaddeus,Θαδδαίου τοῦ ἀποστόλου
08-21,Saint,Martyr Vassa & her three sons,Βάσσης μάρτυρος & τῶν τέκνων αὐτῆς
08-22,Saint,Martyr Agathonicos & his companions,Ἀγαθονίκου μάρτυρος & τῶν σὺν αὐτῷ
08-22,Saint,Virgin-martyr Eulalia,Εὐλαλίας τῆς παρθενομάρτυρος
08-22,Saint,Icon of the Theotokos of Prusa,Εἰκόνος τῆς Παναγίας τῆς “Προυσιωτίσσης”
08-23,Saint,Martyr Lupos,Λούππου μάρτυρος
08-23,Saint,Icon of the Theotokos Parigoritissa,Εἰκόνος τῆς Παναγίας τῆς “Παρηγορητίσσης”
08-24,Saint,"Hieromartyr Cosmas of Aetolia, Equal-to-the-Apostles","Κοσμᾶ τοῦ Αἰτωλοῦ, ἱερομάρτυρος & ἰσαποστόλου"
08-25,Saint,Translation of relics of Apostle Bartholomew,Μετακομιδὴ τῶν λειψάνων τοῦ ἀποστόλου Βαρθολομαίου
08-25,Saint,"Titus, bishop of Crete, apostle of the 70","Τίτου ἐπ. Κρήτης, ἀπ. ἐκ τῶν 70"
08-26,Saint,Martyrs Adrian & Natalie,Ἀδριανοῦ & Ναταλίας τῶν μαρτύρων
08-26,Saint,"Ven. Ioasaph, king of India","Ἰωάσαφ ὁσίου, Βασιλέως Ἰνδῶν "
08-27,Saint,Poemen the Great,Ποιμένος τοῦ Μεγάλου
08-27,Saint,Martyr Phanurios,Φανουρίου μεγαλομάρτυρος
08-27,Saint,"Hosios, bishop of Cordova","Ὁσίου, ἐπισκόπου Κορδούης"
08-28,Saint,Ven. Moses the Ethiopian,"Μωϋσέως ὁσίου, τοῦ Αἰθίοπος"
08-28,Saint,"Righteous Hezekiah, king of Judah","Δικαίου Ἐζεκία, βασιλέως τοῦ Ἰούδα"
08-29,Saint,Beheading of St. John the Baptist,Ἡ ἀποτομὴ τῆς τιμίας κεφαλῆς Ἰωάννου τοῦ Προδρόμου
08-30,Saint,"Alexander, John & Paul the New,  patr. of Constantinople","Ἀλεξάνδρου, Ἰωάννου & Παύλου, Πατριαρχῶν ΚΠόλεως"
08-31,Saint,Placing of Sash of the Theotokos,Ἡ Κατάθεσις τῆς Τιμίας Ζώνης τῆς Ὑπεραγίας Θεοτόκου
09-01,Saint,Beginning of the Ecclesiastical Year,Ἀρχὴ τῆς Ἰνδίκτου
09-01,Saint,Symeon the Stylite & his mother Martha,Συμεὼν τοῦ Στυλίτου & Μάρθας τῆς μητρὸς αὐτοῦ
09-01,Saint,Icon of the Theotokos Pammakaristos,Εἰκόνος τῆς Παναγίας τῆς “Παμμακαρίστου”
09-02,Saint,Martyr Mamas,Μάμαντος μάρτυρος
09-02,Saint,"John the Faster, patriarch of Constantinople","Ἰωάννου τοῦ νηστευτοῦ, Πατριάρχου ΚΠόλεως "
09-03,Saint,Hieromartyr Anthimos,Ἀνθίμου ἱερομάρτυρος
09-03,Saint,"Translation of the relics of St. Nectarios, bishop of Pentapolis","Ἀνακομιδὴ τῶν λειψάνων τοῦ ἁγ. Νεκταρίου, ἐπ. Πενταπόλεως"
09-04,Saint,Prophet Moses,Μωϋσέως τοῦ προφήτου 
09-04,Saint,Hieromartyr Babylas,Βαβύλα ἱερομάρτυρος
09-04,Saint,Martyr Hermione,Ἑρμιόνης μάρτυρος
09-05,Saint,"Prophet Zacharias, father of St. John the Baptist","Ζαχαρίου τοῦ προφήτου, πατρὸς Ἰωάννου τοῦ Προδρόμου"
09-06,Saint,Miracle of the Archangel Michael at Chonae,Ἀνάμνησις τοῦ ἐν Χώναις θαύματος τοῦ Ἀρχαγγέλου Μιχαήλ
09-07,Saint,Martyr Sozon,Σώζοντος μάρτυρος
09-07,Saint,Cassiani the Hymnographer,Κασσιανῆς τῆς ὑμνογράφου
09-08,Feast,Nativity of the Most Holy Theotokos,Τὸ Γενέσιον τῆς Ὑπεραγίας Θεοτόκου
09-09,Saint,Right. Joachim & Anna,Σύναξις Ἰωακεὶμ & Ἄννης
09-09,Saint,Commem. of the Fathers of the 3rd Ecumenical Council,Μνήμη τῶν Πατέρων τῆς Γ΄ Οἰκουμενικῆς Συνόδου
09-10,Saint,"Martyrs Menodora, Metrodora & Nymphodora","Μηνοδώρας, Μητροδώρας & Νυμφοδώρας τῶν μαρτύρων"
09-10,Saint,Pulcheria the Empress,Πουλχερίας τῆς Βασιλίσσης
09-11,Saint,Theodora of Alexandria,Θεοδώρας Ἀλεξανδρείας
09-11,Saint,Euphrosynos the Cook,Εὐφροσύνου τοῦ μαγείρου
09-12,Saint,Hieromartyr Autonomos,Αὐτονόμου ἱερομάρτυρος
09-12,Saint,Hieromartyr Coronatos of Iconium,"Κουρνούτου ἱερομάρτυρος, ἐπισκόπου Ἰκονίου"
09-13,Saint,Consecration of the Church of the Resurrection at Jerusalem,Ἐγκαίνια τοῦ ἐν Ἱερουσαλήμ ναοῦ τῆς Ἀναστάσεως
09-13,Saint,Hieromartyr Cornelios the Centurion,Κορνηλίου ἑκατοντάρχου
09-14,Feast,Elevation of the Precious and Life-Giving Cross,Ἡ Ὕψωσις τοῦ Τιμίου καὶ Ζωοποιοῦ Σταυροῦ
09-15,Saint,Great-martyr Nicetas the Goth,Νικήτα μεγαλομάρτυρος τοῦ Γότθου
09-15,Saint,"Symeon, archbishop of Thessalonica","Συμεών, ἀρχιεπ. Θεσσαλονίκης"
09-16,Saint,Great-martyr Euphemia,Εὐφημίας μεγαλομάρτυρος
09-16,Saint,Martyr Ludmilla,Λουδμίλλας μάρτυρος Τσεχίας
09-17,Saint,"Martyrs Sophia, Faith, Hope & Love","Σοφίας, Πίστεως, Ἐλπίδος & Ἀγάπης τῶν μαρτύρων"
09-17,Saint,Hieromartyrs Heraclidios & Myron of Cyprus,"Ἡρακλειδίου & Μύρωνος, ἱερομαρτύρων τῆς Κύπρου"
09-18,Saint,"Eumenios, bishop of Gortynia","Εὐμενίου, ἐπισκόπου Γορτύνης"
09-18,Saint,Martyr Ariadni,Ἀριάδνης μάρτυρος
09-19,Saint,"Martyrs Trophimos, Savvatios & Dorymedon","Τροφίμου, Σαββατίου & Δορυμέδοντος τῶν μαρτύρων"
09-20,Saint,Gr. martyr Eustathios & his family,Εὐσταθίου μεγαλομάρτυρος & τῶν σὺν αὐτῷ
09-21,Saint,Apostle Codratos of the 70,Κοδράτου ἀποστόλου ἐκ τῶν 70
09-21,Saint,Prophet Jonah,Ἰωνᾶ τοῦ προφήτου
09-22,Saint,Hieromartyr Phocas,Φωκᾶ ἱερομάρτυρος
09-22,Saint,"26 martyrs of Zographou Monastery, Mt. Athos, martyred by the Latins",Τῶν ἐν τῇ Μονῇ Ζωγράφου 26 μαρτύρων τῶν ὑπὸ Λατίνων μαρτυρησάντων
09-23,Saint,Conception of St. John the Baptist,Σύλληψις τοῦ Τιμίου Προδρόμου
09-23,Saint,Ven. Xanthippi & Polyxeni,Ξανθίππης & Πολυξένης τῶν ὁσίων
09-24,Saint,"First Woman-Martyr Thecla, Equal-to-the Apostles",Θέκλης πρωτομάρτυρος & ἰσαπόστολου
09-24,Saint,Ven. Silouan the Athonite,Σιλουανοῦ ὁσίου τοῦ Ἀθωνίτου
09-25,Saint,Ven. Euphrosyne of Alexandria,Εὐφροσύνης ὁσίας
09-25,Saint,Monk-martyr Paphnutios,Παφνουτίου ὁσιομάρτυρος
09-25,Saint,Ven. Sergios of Radonezh,Σεργίου ὁσίου τοῦ Ραντονέζ
09-26,Saint,Apostle John the Theologian,Ἰωάννου τοῦ Θεολόγου & Εὐαγγελιστοῦ
09-26,Saint,Righteous Gideon,Γεδεὼν τοῦ δικαίου
09-27,Saint,Martyr Callistratos & his companions,Καλλιστράτου μάρτυρος & τῶν σὺν αὐτῷ
09-27,Saint,"Apostles Aristarchos, Zenas, Mark of the 70","Ἀριστάρχου, Μάρκου & Ζήνωνος ἐκ τῶν 70 ἀπ."
09-28,Saint,Chariton the Confessor,Χαρίτωνος τοῦ ὁμολογητοῦ
09-28,Saint,Prophet Baruch,Βαρούχ τοῦ προφήτου
09-28,Saint,Neophytos the Recluse of Cyprus,Νεοφύτου τοῦ ἐγκλείστου τῆς Κύπρου
09-29,Saint,Kyriakos the anchorite,Κυριακοῦ τοῦ ἀναχωρητοῦ
09-29,Saint,Gr. martyr Govdelaas,Γοβδελαᾶ τοῦ μεγαλομάρτυρος
09-29,Saint,Martyr Gudelia of Persia,Γουδελίας μάρτυρος τῆς Περσίδος
09-30,Saint,Hieromartyr Gregory of Armenia,"Γρηγορίου ἱερομάρτυρος, ἐπισκ. Ἀρμενίας"
09-30,Saint,Martyrs Rhipsimia & Gaiani,Ριψιμίας & Γαϊανῆς τῶν μαρτύρων
10-01,Saint,Holy Protection of the Mother of God,Ἡ Ἁγία Σκέπη τῆς Θεοτόκου
10-01,Saint,Apostle Ananias of the 70,Ἀνανίου ἐκ τῶν 70 ἀποστόλων
10-01,Saint,Romanos the Melodist,Ῥωμανοῦ τοῦ μελωδοῦ
10-02,Saint,Hieromartyr Cyprian and Virgin-martyr Justina,Κυπριανοῦ ἱερομάρτυρος & Ἰουστίνης παρθενομάρτυρος
10-03,Saint,Hieromartyr Dionysios the Areopagite,Διονυσίου ἱερομάρτυρος τοῦ Ἀρεοπαγίτου
10-03,Saint,John the Hozebite,Ἰωάννου τοῦ Χοζεβίτου
10-04,Saint,"Hierotheos, bishop of Athens","Ἱεροθέου, ἐπισκόπου Ἀθηνῶν"
10-04,Saint,Ven. Ammoun of Egypt,Ἀμμοῦν ὁσίου τοῦ Αἰγυπτίου
10-05,Saint,Martyr Charitina,Χαριτίνης μάρτυρος
10-05,Saint,Ven. Methodia of Kimolos,Μεθοδίας ὁσίας τῆς ἐν Κιμώλῳ
10-06,Saint,Apostle Thomas,Θωμᾶ τοῦ ἀποστόλου
10-06,Saint,Martyr Eroteis,Ἐρωτηίδος μάρτυρος
10-07,Saint,Martyrs Sergius & Bacchus,Σεργίου & Βάκχου μαρτύρων
10-07,Saint,Hieromartyr Julian,Ἰουλιανοῦ ἱερομάρτυρος
10-07,Saint,Hieromartyr Polychronios,Πολυχρονίου ἱερομάρτυρος
10-08,Saint,Virgin-martyr Pelagia,Πελαγίας τῆς παρθενομάρτυρος
10-08,Saint,Ven. Pelagia,Πελαγίας τῆς ὁσίας
10-08,Saint,Ven. Taisia,Ταϊσίας τῆς ὁσίας
10-09,Saint,"Apostle James, son of Alphaeos",Ἰακώβου Ἀλφαίου τοῦ ἀποστ.
10-09,Saint,Ven. Andronicos & Athanasia,Ἀνδρονίκου & Ἀθανασίας ὁσίων
10-10,Saint,Martyrs Eulampios & his sister Eulampia,Εὐλαμπίου & Εὐλαμπίας τῶν αὐταδέλφων & μαρτύρων
10-10,Saint,Ven. Bassian of Constantinople,Βασιανοῦ ὁσίου ΚΠόλεως
10-10,Saint,Ven. Ambrosy of Optina,Ἀμβροσίου ὁσ. τῆς Ὄπτινα
10-11,Saint,"Deacon Philip, Apostle of the 70",Φιλίππου τοῦ διακόνου & ἀποστόλου ἐκ τῶν 70
10-12,Saint,"Martyrs Probos, Tarachos & Andronicos","Πρόβου, Ταράχου & Ἀνδρονίκου τῶν μαρτύρων"
10-12,Saint,Symeon the New Theologian,Συμεών τοῦ νέου Θεολόγου  
10-13,Saint,"Martyrs Carpos, Papylos, Agathodoros & Agathonica","Κάρπου, Παπύλου, Ἀγαθοδώρου & Ἀγαθονίκης τῶν μαρτύρων"
10-13,Saint,New-martyr Chrysi,Χρυσῆς τῆς νεομάρτυρος
10-14,Saint,"Martyrs Nazarios, Celsos, Gervasios & Protasios","Ναζαρίου, Κελσίου, Γερβασίου & Προτασίου τῶν μαρτύρων"
10-14,Saint,Cosmas the Hymnographer,Κοσμᾶ τοῦ μελωδοῦ
10-15,Saint,Hieromartyr Lucian of Antioch,Λουκιανοῦ ἱερομάρτυρος
10-15,Saint,Barsos the Confessor,Βάρσου τοῦ ὁμολογητοῦ
10-16,Saint,Martyr Longinos the Centurion,"Λογγίνου μάρτυρος, τοῦ ἑκατοντάρχου"
10-16,Saint,Martyr Leontios,Λεοντίου μάρτυρος
10-17,Saint,Prophet Hosea,Ὠσηὲ τοῦ προφήτου
10-17,Saint,Hieromartyr Andrew in “the Judgment”,Ἀνδρέου ἱερομάρτυρος τοῦ ἐν τῃ “Κρίσει”
10-18,Saint,Apostle Luke the Evangelist,Λουκᾶ τοῦ ἀποστόλου & Εὐαγγελιστοῦ
10-18,Saint,Martyr Marinos,Μαρίνου μάρτυρος
10-19,Saint,Prophet Joel,Ἰωὴλ τοῦ προφήτου
10-19,Saint,Martyr Varus,Οὐάρου μάρτυρος
10-19,Saint,John of Rila,Ἰωάννου τοῦ ἐν Ρίλᾳ
10-19,Saint,John of Kronstadt,Ἰωάννου τῆς Κρoνστάνδης
10-20,Saint,Great-martyr Artemios,Ἀρτεμίου μεγαλομάρτυρος
10-20,Saint,Ven. Matrona of Chios,Ματρώνης ὁσ. τῆς Χιοπολίτιδος
10-20,Saint,Ven. Gerasimos of Cephallonia,Γερασίμου τοῦ ἐν Κεφαλληνίᾳ
10-21,Saint,Hilarion the Great,Ἱλαρίωνος τοῦ Μεγάλου
10-21,Saint,Martyrs Socrates & Theodoti,Σωκράτους & Θεοδότης τῶν μαρτύρων
10-21,Saint,Ven. Christodoulos of Patmos,Χριστοδούλου ὁσ. ἐν Πάτμῳ
10-22,Saint,"Averkios of Hieropolis, Equal-to-the-Apostles","Ἀβερκίου Ἱεραπόλεως, τοῦ ἰσαποστόλου"
10-22,Saint,Ven. Lot & Rufos of Egypt,"Λὼτ & Ῥούφου ὁσίων, τῶν ἐν Αἰγύπτῳ"
10-23,Saint,"Apostle James, brother of the Lord, first bishop of Jerusalem","Ἰακώβου τοῦ Ἀδελφοθέου, πρώτου ἐπισκόπου Ἱεροσολύμων"
10-24,Saint,Great-martyr Arethas & his companions,Ἀρέθα μεγαλομάρτυρος καὶ τῶν σὺν αὐτῷ
10-24,Saint,Martyr Sebastiani,Σεβαστιανῆς μάρτυρος
10-25,Saint,Martyrs Marcian & Martyrios,Μαρκιανού και Μαρτυρίου τῶν νοταρίων 
10-25,Saint,Tabitha the Almsgiver,Ταβιθᾶς τῆς ἐλεήμονος
10-26,Saint,Great-martyr Demetrios the Myrrhgusher,"Δημητρίου μεγαλομάρτυρος, τοῦ μυροβλύτου"
10-27,Saint,Martyr Nestor,Νέστορος μάρτυρος
10-27,Saint,Martyr Lupos,Λούππου μάρτυρος
10-27,Saint,"Procla, wife of Pontius Pilate","Πρόκλης, συζύγου τοῦ Ποντίου Πιλάτου"
10-28,Saint,Martyrs Terence & Neonilla & their 7 children,"Τερεντίου, Νεονίλλης μαρτύρων & τῶν ἑπτὰ τέκνων αὐτῶν"
10-28,Saint,Ven. Stephen the hymnographer,Στεφάνου ὁσίου & ὑμνογράφου
10-29,Saint,Virgin-martyr Anastasia of Rome,Ἀναστασίας παρθενομάρτυρος τῆς Ρωμαίας
10-29,Saint,Ven. Abramios & his niece Mary,"Ἀβραμίου ὁσίου & Μαρίας ὁσίας, τῆς ἀνεψιᾶς αὐτοῦ"
10-30,Saint,"Apostles Cleopas, Artemas, Tertios, Mark & Justos of the 70","Κλεόπα, Ἀρτεμᾶ, Τερτίου, Μάρκου & Ἰούστου ἐκ τῶν 70 ἀποστόλων"
10-30,Saint,Martyrs Zenobios & Zenobia,Ζηνοβίου & Ζηνοβίας τῶν μαρτ.
10-31,Saint,"Apostles Stachys, Apelles, Amplias & Aristobulos of the 70","Στάχυος, Ἀπελλοῦ, Ἀμπλίου & Ἀριστοβούλου ἐκ τῶν 70 ἀπ."
11-01,Saint,Unmercenaries Cosmas & Damian,Κοσμᾶ & Δαμιανοῦ Ἀναργύρων
11-01,Saint,Ven. David of Evia,Δαβἰδ ὁσίου τοῦ ἐν Εὐβοίᾳ
11-02,Saint,"Martyrs Akindynos, Pegasios, Aphthonios, Elpidophoros & Anempodistos","Ἀκινδύνου, Πηγασίου, Ἀφθονίου, Ἐλπιδοφόρου & Ἀνεμποδίστου τῶν μαρτύρων"
11-03,Saint,The consecration of the church of Great-martyr George in Lydda,Ἀνάμνησις ἐγκαινίων τοῦ ναοῦ τοῦ ἁγ. μεγαλομάρτυρος Γεωργίου στὴ Λύδδα
11-04,Saint,Ioannikios the Great,Ἰωαννικίου τοῦ Μεγάλου
11-04,Saint,Hieromartyrs Nicander & Hermeos,Νικάνδρου & Ἑρμαίου τῶν ἱερομαρτύρων
11-05,Saint,Mart. Galaction & Epistemi,Γαλακτίωνος & Ἐπιστήμης τῶν μαρτύρων
11-05,Saint,"Ap. Hermas, Patrobos, Linos, Gaios & Philologos of the 70","Ἑρμᾶ, Πατρόβα, Λίνου, Γαΐου & Φιλολόγου ἐκ τῶν 70"
11-06,Saint,"Paul the Confessor, archbishop of Constantinople","Παύλου, ἀρχιεπ. ΚΠόλεως τοῦ ὁμολογητοῦ"
11-06,Saint,Paul the Fool-for-Christ,Παύλου τοῦ διὰ Χριστὸν σαλοῦ
11-07,Saint,33 Martyrs of Melitini,Τῶν ἐν Μελιτηνῇ 33 μαρτύρων
11-07,Saint,Lazaros the Stylite of Mount Galesion,"Λαζάρου στυλίτου, τοῦ Γαλησιώτου"
11-08,Saint,Synaxis of the Holy Archangels Michael and Gabriel and all the Bodiless Powers,Ἡ σύναξις τῶν Ἁγ. Ἀρχαγγέλων Μιχαὴλ καὶ Γαβριὴλ & πασῶν τῶν ἀσωμάτων δυνάμεων
11-09,Saint,"Nectarios, bishop of Pentapolis","Νεκταρίου, ἐπ. Πενταπόλεως"
11-09,Saint,Ven. Matrona of Constantinople,Ματρώνης ὁσ. τῆς ΚΠόλεως
11-09,Saint,Symeon Metaphrastes,Συμεών τοῦ Μεταφραστοῦ
11-10,Saint,"Apostles Olympas, Sosipater, Herodion, Erastos & Quartos of the 70","Ὀλυμπᾶ, Σωσιπάτρου, Ῥοδίωνος, Ἐράστου & Κουάρτου ἐκ τῶν 70 ἀποστόλων"
11-10,Saint,Ven. Arsenios the Cappadocian,Ἀρσενίου ὁσίου τοῦ Καππαδόκου
11-11,Saint,Great-martyr Menas,Μηνᾶ μεγαλομάρτυρος
11-11,Saint,"Martyrs Victor, Vincent & Stephanis","Βίκτωρος, Βικεντίου & Στεφανίδος τῶν μαρτύρων"
11-11,Saint,Theodore the Studite,Θεοδώρου τοῦ Στουδίτου
11-12,Saint,John the Merciful,Ἰωάννου τοῦ Ἐλεήμονος
11-12,Saint,Nilos the Myrrhgusher,Νείλου τοῦ μυροβλύτου
11-12,Saint,"Martin, bishop of Tours","Μαρτίνου, ἐπισκόπου Ταρακίνης"
11-13,Saint,John Chrysostom,Ἰωάννου τοῦ Χρυσοστόμου
11-13,Saint,New-martyr Damascene of Constantinople,"Δαμασκηνοῦ τοῦ νεομάρτυρος, ἐκ ΚΠόλεως"
11-14,Saint,Apostle Philip,Φιλίππου τοῦ ἀποστόλου
11-14,Saint,Gregory Palamas,Γρηγορίου τοῦ Παλαμᾶ
11-14,Saint,New-martyr Constantine of Hydra,Κωνσταντίνου νεομάρτυρος τοῦ Ὑδραίου
11-15,Note,Nativity Fast Begins,Ἀρχὴ νηστείας Χριστουγέννων
11-15,Saint,"Martyrs Guria, Shamuna & Habib","Γουρία, Σαμωνᾶ & Ἀβίβου τῶν μαρτύρων"
11-16,Saint,Apostle Matthew the Evangelist,Ματθαίου τοῦ ἀποστόλου & Εὐαγγελιστοῦ
11-17,Saint,"Gregory the Wonder-worker, bishop of Neocaesarea",Γρηγορίου ἐπισκ. Νεοκαισαρείας τοῦ θαυματουργοῦ
11-18,Saint,Martyrs Platon & Romanos,Πλάτωνος & Ῥωμανοῦ μαρτύρων
11-18,Saint,Martyrs Zacchaios & Alphaeos,Ζακχαίου & Ἀλφαίου μαρτύρων
11-19,Saint,Prophet Obadiah,Ἁβδιοὺ τοῦ προφήτου
11-19,Saint,Martyr Barlaam,Βαρλαὰμ μάρτυρος
11-20,Saint,Gregory of Decapolis,Γρηγορίου τοῦ Δεκαπολίτου
11-20,Saint,"Proclos, archbishop of Constantinople","Πρόκλου, ἀρχιεπ. ΚΠόλεως"
11-20,Saint,Mart. Nerses & Joseph,Νιρσᾶ & Ἰωσήφ τῶν μαρτ.
11-21,Feast,Entry into the Temple of the Most-Holy Theotokos,Τὰ Εἰσόδια τῆς Ὑπεραγίας Θεοτόκου
11-22,Saint,"Apostles Philemon, Apphia, Archippos & Onisimos of the 70","Φιλήμονος & Ἀπφίας, Ἀρχίππου, Ὀνησίμου ἐκ τῶν 70 ἀποστόλων"
11-22,Saint,Ven. Iakovos of Evia,Ἰακώβου ὁσίου τοῦ ἐν Εὐβοίᾳ
11-23,Saint,"Amphilochios, bishop of Iconium","Ἀμφιλοχίου, ἐπισκόπου Ἰκονίου"
11-23,Saint,"Gregory, bishop of Agrigentum","Γρηγορίου, ἐπισκ. Ἀκραγαντίνων"
11-23,Saint,Prince Alexander Nevsky,"Ἀλεξάνδρου Νέβσκι, πρίγκηπος"
11-24,Saint,"Hieromartyrs Clement, pope of Rome and Peter, archbishop of Alexandria","Κλήμεντος Ῥώμης & Πέτρου Ἀλεξανδρείας, ἱερομαρτύρων"
11-24,Saint,Hermogenes of Agrigentum,"Ἑρμογένους, ἐπ.  Ἀκραγαντίνων"
11-25,Saint,Great-martyr Catherine,Αἰκατερίνης μεγαλομάρτυρος
11-25,Saint,Great-martyr Mercurios,Μερκουρίου μεγαλομάρτυρος
11-26,Saint,Alypios the Stylite,Ἀλυπίου ὁσίου τοῦ στυλίτου
11-26,Saint,"Nikon, preacher of repentance",Νίκωνος τοῦ “Μετανοεῖτε”
11-26,Saint,Ven. Stylianos of Paphlagonia,Στυλιανοῦ ὁσ. τοῦ Παφλαγόνος
11-27,Saint,Great-martyr James of Persia,Ἰακώβου μεγαλομάρτυρος τοῦ Πέρσου
11-27,Saint,Pinuphrios of Egypt,Πινουφρίου τοῦ Αἰγυπτίου
11-28,Saint,"Stephen the New, martyr & confessor","Στεφάνου τοῦ νέου, μάρτυρος & ὁμολογητοῦ"
11-28,Saint,Martyr Irenarchos,Εἰρηνάρχου μάρτυρος
11-29,Saint,Martyrs Paramonos & Philumenos,Παραμόνου & Φιλουμένου τῶν μαρτύρων
11-29,Saint,Pitirim of Egypt,Πιτυροῦν τοῦ Αἰγυπτίου
11-30,Saint,Apostle Andrew the First-called,"Ἀνδρέου ἀπ., τοῦ Πρωτοκλήτου"
11-30,Saint,"Frumentios, bishop of Abyssinia","Φρουμεντίου, ἐπ. Ἀβησσυνίας"
12-01,Saint,Prophet Nahum,Ναοὺμ τοῦ προφήτου
12-01,Saint,Philaret the Merciful,Φιλαρέτου τοῦ ἐλεήμονος
12-02,Saint,Prophet Habbakuk,Ἀββακοὺμ τοῦ προφήτου
12-02,Saint,Martyr Meropi of Chios,Μυρόπης μάρτυρος τῆς ἐν Χίῳ
12-02,Saint,Ven. Porphyrios of Kavsokalyvia,Πορφυρίου ὁσίου τοῦ Καυσοκαλυβίτου
12-03,Saint,Prophet Zephaniah,Σοφονίου τοῦ προφήτου
12-03,Saint,John the Hesychast of St. Savva's Monastery,Ἰωάννου Ἡσυχαστοῦ τοῦ Σαββαΐτου
12-04,Saint,Great-martyr Barbara,Βαρβάρας μεγαλομάρτυρος
12-04,Saint,John of Damascus,Ἰωάννου τοῦ Δαμασκηνοῦ
12-05,Saint,Ven. Savva the Sanctified,Σάββα ὁσίου τοῦ Ἡγιασμένου
12-05,Saint,Monks of Karyes (Mt. Athos) martyred by the Latins,"Ὁσιομαρτύρων Καρεωτῶν, τῶν ὑπό λατινοφρόνων μαρτυρησάντων"
12-06,Saint,"Nicholas the Wonder-worker, archbishop of Myra in Lycia","Νικολάου, ἐπισκόπου Μύρων τῆς Λυκίας, τοῦ θαυματουργοῦ"
12-07,Saint,"Ambrose, bishop of Milan","Ἀμβροσίου, ἐπισκ. Μεδιολάνων"
12-07,Saint,Martyr Athenodoros,Ἀθηνοδώρου μάρτυρος
12-08,Saint,"Ap. Sosthenes, Apollos, Tychicos, Cephas, Epaphroditos, Caesar & Onesiphoros of the 70","Σωσθένους, Ἀπολλώ, Τυχικοῦ, Κηφᾶ, Ἐπαφροδίτου, Καίσαρος & Ὀνησιφόρου ἐκ τῶν 70 ἀπ."
12-09,Saint,Conception by St. Anna of  the Theotokos,"Ἡ σύλληψις τῆς ἁγ. Ἄννης, μητρὸς τῆς Θεοτόκου"
12-09,Saint,Prophetess Hannah,Ἄννης τῆς προφήτιδος
12-10,Saint,"Martyrs Menas, Hermogenes & Eugraphos","Μηνᾶ, Ἑρμογένους & Εὐγράφου τῶν μαρτύρων"
12-10,Saint,Ven. Thomas Defourkinos,Θωμᾶ ὁσίου Δεφουρκίνου
12-11,Saint,Daniel the Stylite,Δανιὴλ τοῦ στυλίτου
12-11,Saint,Ven. Leontios,Λεοντίου ὁσίου
12-12,Saint,"Spyridon the Wonder-worker, bishop of Trymithus","Σπυρίδωνος, ἐπισκ. Τριμυθοῦντος"
12-13,Saint,Martyr Eustratios & his companions,Εὐστρατίου & τῶν σὺν αὐτῷ μαρτύρων
12-13,Saint,Ven. Herman of Alaska,Γερμανοῦ ὁσίου τοῦ ἐν Ἀλάσκᾳ
12-14,Saint,"Martyrs Thyrsos, Leukios & Kallinicos","Θύρσου, Λευκίου & Καλλινίκου τῶν μαρτύρων"
12-15,Saint,Hieromartyr Eleutherios & his mother Anthia,Ἐλευθερίου ἱερομάρτυρος & τῆς μητρὸς αὐτοῦ Ἀνθίας
12-15,Saint,Susanna the deaconess,Σωσάννης τῆς διακόνου
12-16,Saint,Prophet Haggai,Ἀγγαίου τοῦ προφήτου
12-16,Saint,Empress Theophano,Θεοφανοῦς τῆς Βασιλίσσης
12-16,Saint,"Modestos II, patr. of Jerusalem","Μοδέστου Β΄, Πατριάρχου Ἱεροσολύμων"
12-17,Saint,Prophet Daniel & Three Youths,Δανιὴλ τοῦ προφήτου & τῶν τριῶν ἁγίων Παίδων
12-17,Saint,"Dionysios of Zakynthos, archbishop of Aegina","Διονυσίου, ἀρχιεπισκόπου Αἰγίνης, τοῦ ἐκ Ζακύνθου"
12-18,Saint,"Martyrs Sebastian, Zoe & companions","Σεβαστιανοῦ, Ζωῆς & τῶν σὺν αὐτοῖς μαρτύρων"
12-18,Saint,"Hierom. Modestos I, archb. of Jerusalem","Μοδέστου Α΄, ἱερομάρτυρος, ἀρχιεπ. Ἱεροσολύμων"
12-19,Saint,Matryr Boniface,Βονιφατίου μάρτυρος
12-19,Saint,Aglais of Rome,Ἀγλαΐας τῆς Ρωμαίας
12-20,Saint,Hieromartyr Ignatios the Godbearer,Ἰγνατίου τοῦ Θεοφόρου
12-20,Saint,John of Kronstadt,Ἰωάννου τῆς Κρoνστάνδης
12-21,Saint,Virgin-martyr Juliana,Ἰουλιανῆς παρθενομάρτυρος
12-21,Saint,Martyr Themistocles of Myra in Lycia,"Θεμιστοκλέους μάρτυρος, τοῦ ἐν Μύροις τῆς Λυκίας"
12-22,Saint,Great-martyr Anastasia the Deliverer from Bonds,"Ἀναστασίας μεγαλομάρτυρος, τῆς Φαρμακολυτρίας"
12-23,Saint,Ten martyrs of Crete,Τῶν ἐν Κρήτῃ 10 μαρτύρων
12-23,Saint,"Nahum of Ochrid, enlightener of Bulgaria","Ναοὺμ Ἀχρίδος, φωτιστοῦ τῆς Βουλγαρίας"
12-24,Saint,Virgin-martyr Eugenia & companions,Εὐγενίας τῆς ὁσιοπαρθενο-μάρτυρος & τῶν σὺν αὐτῇ
12-24,Saint,New-martyr Ahmet,Ἀχμὲτ νεομάρτυρος
12-25,Feast,"Nativity according to the flesh of our Lord, God and Saviour Jesus Christ",Ἡ κατὰ σάρκα Γέννησις τοῦ Κυρίου καὶ Θεοῦ καὶ Σωτῆρος ἡμῶν Ἰησοῦ Χριστοῦ
12-26,Saint,Synaxis of the Most Holy Theotokos,Ἡ σύναξις τῆς Ὑπεραγίας Θεοτόκου
12-27,Saint,Archdeacon Stephen the Protomartyr,Στεφάνου τοῦ ἀρχιδιακόνου & Πρωτομάρτυρος
12-27,Saint,Theodore Graptus (“the Branded”),Θεοδώρου τοῦ Γραπτοῦ
12-28,Saint,"20,000 Martyrs burned at Nicomedia",Τῶν ἐν Νικομηδείᾳ καέντων δισμυρίων μαρτύρων
12-28,Saint,Ven. Simon the Myrrhgusher,Σίμωνος τοῦ μυροβλύτου
12-29,Saint,"14,000 Infants slain by Herod","Τῶν ἁγίων 14.000 νηπίων, τῶν ὑπὸ Ἡρώδου ἀναιρεθέντων"
12-29,Saint,"Ven. Markellos, abbot of the Monastery of the Sleepless Ones",Μαρκέλλου ἡγουμένου τῆς Μονῆς τῶν Ἀκοιμήτων
12-30,Saint,Martyr Anysia,Ἀνυσίας ὁσιομάρτυρος
12-30,Saint,Monk-martyr Gedeon of Tyrnovo,"Γεδεὼν ὁσιομάρτυρος, τοῦ ἐν Τυρνάβῳ"
12-31,Saint,Ven. Melania of Rome,Μελάνης ὁσίας τῆς Ῥωμαίας
12-31,Saint,"Hieromartyr Zoticos, feeder of orphans","Ζωτικοῦ ἱερομάρτυρος, τοῦ ὀρφανοτρόφου"